Cust_id,target_flag,w1_IS_CALL_ACTIVE,w1_IS_SMS_ACTIVE,w1_IS_INTERNET_ACTIVE,w1_IS_VAS_ACTIVE,w1_IS_PRODUCT_ACTIVE,w1_IS_RECHARGE_ACTIVE,w1_TOTAL_REVENUE,w1_CALL_COUNT,w1_GPRS_VOLUME,w1_LOAN_COUNT,w1_TOTAL_TRAFFIC_REVENUE,w1_CALL_REVENUE,W1_U_SBSCRP_REV_T6,W1_U_VAS_REV_T6,w1U_IB_VC_CC_CNT_T6,W1_RECH_AMT,W1_U_VAS_LNRTRN_CNT_T6
1,0,6,0,4,7,7,5,147.355,23,2401133,0,15.275,10.075,118,14.08,7,150,0
3,0,7,5,6,0,0,0,0,36,344088,0,0,0,0,0,7,0,0
4,0,7,7,7,0,2,2,1050,111,883985,0,0,0,0,0,7,1050,3
5,0,7,7,1,7,7,3,154.2,40,808,3,110.2,108.2,8,66,7,150,5
6,0,6,3,1,3,1,1,350,69,399,0,0,0,0,0,7,350,0
7,0,4,6,0,5,3,1,18.87,6,0,0,6.75,5.55,12.12,0,3,100,0
8,0,7,1,7,0,6,0,16.225,101,1758687,0,16.225,12.625,0,0,7,0,0
9,0,7,0,6,3,0,0,0,34,17340,0,0,0,0,0,6,0,3
10,0,7,0,2,1,2,1,128.57,26,451238,0,96.45,96.25,32.12,0,7,100,0
11,0,4,0,7,4,3,0,180.175,7,4039093,1,17.675,16.275,159,0,4,0,3
12,0,6,0,0,0,0,0,32.425,13,0,0,32.425,32.425,0,0,5,0,0
13,0,1,0,7,7,7,1,100.06,1,792429,1,11.06,4.925,75,29,2,100,4
14,0,7,0,6,0,1,2,400.2789,71,1030857,0,50.2789,49.75,0,0,7,400,0
15,0,1,4,7,6,7,2,137.1261,2,6727303,2,59.1261,5.05,71,37,1,150,3
17,0,7,7,7,3,4,3,339.6,205,821625,0,4.6,4,0,0,7,885,0
18,0,1,1,7,4,3,1,173.4875,1,5951525,1,11.4875,2.325,158.5,0,7,150,2
19,0,7,2,7,1,1,1,362.4516,40,3570322,1,123.9516,5,235,18.5,7,300,1
20,0,1,7,7,0,4,3,181.875,3,12626889,1,33.375,0.375,75,18.5,6,180,1
21,0,0,0,7,0,0,0,0.0023,0,2844219,0,0.0023,0,0,0,6,0,3
22,0,7,6,7,7,7,4,657.1167,69,6188096,3,286.1167,156.725,350,84.5,7,700,5
23,0,6,7,1,5,5,2,126.775,71,4,2,53.775,52.375,60,43,7,100,5
24,0,7,0,7,7,7,2,276.2826,61,1468036,0,30.5426,10.625,235.24,10.5,6,300,0
25,0,7,1,5,7,0,0,12.35,36,389019,0,12.35,0,0,0,7,0,0
26,0,1,0,6,1,2,1,67.025,1,1617582,1,3.525,2.325,60,18.5,6,200,2
27,0,7,4,0,7,7,6,294.17,121,0,6,106.4,94.2,153,120,7,195,8
28,0,2,7,0,7,6,2,95.625,5,0,1,3.125,0.625,80,27.5,7,90,3
29,0,7,6,7,4,4,2,234.6,191,2549544,0,23.1,22.1,18,4.5,7,239,0
30,0,5,0,7,1,1,1,189.5308,15,6724069,0,19.5308,16,170,0,5,200,0
31,0,7,6,4,5,4,0,9.0501,85,670021,0,3.0501,0,0,6,7,0,3
32,0,7,5,0,2,1,0,0,58,0,0,0,0,0,0,7,0,3
34,0,4,0,7,0,3,1,118,11,1908118,0,0,0,0,0,2,118,3
35,0,6,6,7,6,6,3,104.35,102,3872770,2,21.35,15.75,67,64.5,7,140,5
37,0,7,6,7,1,0,1,9.6,160,127005,0,9.6,9.6,0,18.5,7,100,4
38,0,7,2,2,6,6,2,199.881,107,112796,2,88.941,35.25,83,57.94,7,200,3
39,0,7,7,1,2,6,1,40,108,4,0,0,0,0,0,7,40,0
40,0,0,0,7,3,2,2,339.892,0,2094026,0,193.912,0,0,5.98,1,340,0
41,0,5,1,7,7,7,2,224.7614,12,2161405,0,12.1814,0,200,12.58,2,280,0
43,0,6,6,7,5,7,2,11.345,21,1760205,0,3.825,3.825,0,7.5,7,0.02,0
44,0,0,7,7,3,5,3,114.35,0,3712886,2,10.4,0,85,67.45,7,150,6
45,0,1,0,5,2,3,1,149.0614,1,1778759,0,3.0614,0.125,146,0,5,200,0
46,0,7,0,0,3,0,0,29.825,60,0,0,29.825,29.825,0,0,7,0,0
47,0,2,0,5,4,0,0,13.3821,4,2172153,1,9.8821,0.5,0,0,5,0,0
48,0,7,7,0,6,1,1,113.62,83,0,0,13.85,10.25,95,0,4,200,0
49,0,6,4,7,6,7,2,183.3,36,2526154,0,14.3,4.3,0,27.5,5,220,1
50,0,0,0,5,1,2,0,47.1268,0,809888,1,11.6268,0,32,0,3,0,3
51,0,6,2,0,7,6,3,111.275,23,0,4,74.275,66.675,14,64.5,7,90,6
52,0,6,6,7,5,5,1,380.5,84,10711201,1,149.5,142.5,220,7.5,7,200,3
53,0,4,0,7,3,2,2,199.3498,9,6165782,1,43.8498,27.525,152,18.5,6,200,3
54,0,1,0,7,1,1,2,99.8414,1,173903,1,81.8414,0.125,13,20,7,100,4
55,0,5,2,0,0,1,1,350,24,0,0,0,0,0,0,6,350,3
58,0,5,2,7,2,1,0,173.4225,39,9059673,1,29.9225,24.55,140,0,7,0,3
59,0,7,0,0,7,7,1,160.875,51,0,2,35.375,34.975,108,29,6,150,1
60,0,0,0,3,1,0,0,0,0,0,0,0,0,0,0,1,0,0
61,0,2,0,7,4,3,2,302.95,2,2480535,0,2.95,1.75,300,18.5,0,350,1
62,0,7,0,5,7,7,3,142.0325,104,3685872,1,72.7125,69.3,55.32,29,7,310,1
63,0,7,7,7,1,2,2,625.1141,99,987637,0,0.1141,0,0,0,7,625,3
64,0,2,1,7,1,1,1,155.4258,4,4455393,0,15.4258,9.3,140,0,3,200,0
65,0,7,3,0,5,3,3,418.025,69,0,4,312.025,290.225,67,74,5,350,6
66,0,1,0,7,0,1,2,167.5,2,1670779,0,68.5,3.25,0,0,1,199,0
67,0,7,7,7,4,3,2,377.325,61,819408,1,84.825,82.425,289,18.5,7,300,1
68,0,3,0,4,2,0,1,29.775,7,362,0,29.775,20.375,0,0,4,100,0
69,0,7,7,7,0,2,1,278.3047,28,872803,1,123.8047,80,1,18.5,7,240,1
70,0,7,7,6,4,5,1,96.1,114,1288907,1,19.6,14.125,73,18.5,7,100,3
71,0,7,1,7,2,7,2,316.4275,32,4054391,2,25.1475,6.25,284.28,18.5,6,280,4
72,0,5,0,3,1,3,3,250.9019,28,848987,0,84.4019,67.3,67.5,0,5,349,0
73,0,2,0,7,7,7,1,210.6917,2,4505561,0,40.1917,2.525,178.5,10.5,3,300,0
74,0,5,4,6,0,0,0,0,89,571884,0,0,0,0,0,7,0,3
75,0,6,0,5,1,0,0,0,19,817560,0,0,0,0,0,7,0,3
76,0,7,1,6,0,0,0,0,74,198295,0,0,0,0,0,7,0,3
77,0,0,0,4,0,0,0,0.12,0,1274264,0,0.12,0,0,0,1,0,3
78,0,0,2,7,4,6,3,360,0,2994317,1,175.53,0,53.5,5.97,6,360,1
79,0,7,0,7,7,7,1,99.12,82,26938,0,13.5,10.25,75.12,10.5,5,100,0
80,0,7,3,0,0,0,0,0,69,0,0,0,0,0,0,7,0,3
81,0,6,0,7,7,7,4,308.2682,61,1882321,3,56.2682,25.225,91,66,6,310,5
82,0,7,2,7,7,4,1,213.304,20,9721346,2,6.304,0,200,18.5,6,200,1
84,0,7,3,0,0,1,1,150,118,0,0,0,0,0,0,6,150,3
85,0,5,1,1,7,7,2,134.725,8,1076707,0,103.225,17.675,21,10.5,2,150,0
86,0,0,0,0,3,2,2,3.2,0,0,0,0.2,0,0,3,2,950,0
87,0,7,1,7,0,6,1,17.9875,37,771156,0,17.9875,17.675,0,0,4,30,0
88,0,7,3,0,2,6,0,0,53,0,0,0,0,0,0,7,0,3
89,0,6,0,0,6,6,3,123.5,168,0,4,33,32,69,81.5,7,120,5
90,0,7,5,0,6,5,0,7.5,117,0,0,0,0,0,7.5,7,0,3
91,0,4,0,7,7,7,1,54.9733,8,230162,1,40.9733,11.5,0,29,7,30,3
92,0,0,7,7,1,1,1,75.825,0,978520,0,0.825,0,75,18.5,3,100,1
94,0,6,0,0,6,6,4,147.075,95,0,4,67.075,64.675,57,83,7,160,6
96,0,7,7,0,3,1,1,350,135,0,0,0,0,0,0,7,350,0
97,0,7,6,4,1,1,2,266.4357,31,74071,0,224.4357,122.675,42,0,7,300,0
98,0,6,0,7,2,1,0,79.7501,13,4862772,1,69.2501,41.225,7,0,5,0,0
99,0,7,7,0,0,0,0,0,145,0,0,0,0,0,0,7,0,3
100,0,3,0,7,4,4,1,299.1,8,545452,1,26.1,25.5,265,23,6,300,4
101,0,1,1,7,4,2,2,184.9931,1,1542405,1,31.4931,13.625,150,18.5,1,220,1
102,0,1,0,7,1,0,0,2.525,1,1432637,0,2.525,2.325,0,0,3,0,3
103,0,7,1,5,1,1,2,195.325,11,1781515,0,35.325,14.125,160,0,6,210,0
104,0,3,0,0,7,3,1,52.475,19,0,0,13.475,2.375,39,0,1,100,0
105,0,6,7,3,4,3,1,253.5625,16,381549,1,42.0625,39.4,208,18.5,7,245,1
106,0,2,0,7,2,3,1,307.6375,2,6268349,2,5.6375,5.05,295,18.5,1,160,4
107,0,5,2,7,6,3,2,379.9645,8,6480257,0,53.9845,39.125,320,5.98,7,360,0
108,0,7,6,7,3,6,3,235.3325,153,813279,0,139.3325,51.525,96,18.5,7,250,1
109,0,0,0,7,0,1,0,15,0,2469845,0,0,0,15,0,0,0,0
110,0,2,0,7,3,0,0,9.35,2,2574128,1,5.85,4.65,0,0,4,0,3
111,0,6,7,1,0,0,0,0,17,333,0,0,0,0,0,7,0,3
112,0,6,0,6,7,6,3,334.855,92,3379519,3,129.375,128.975,40,70.48,7,350,4
114,0,6,0,7,2,4,4,120.8658,45,9987,4,72.8658,63.225,34,74,7,120,7
115,0,0,4,1,3,2,1,104.4375,0,8805,0,3.4375,0,1,18.5,7,100,1
116,0,0,0,7,7,7,3,74.8537,0,2015515,0,14.3537,0,50,10.5,7,90,0
117,0,7,0,3,7,7,3,142.835,43,110652,2,80.335,59.155,45,66,6,180,4
118,0,4,2,7,6,6,2,205.2816,34,3068659,1,12.2816,10.25,200.5,26,4,320,4
119,0,0,0,0,2,0,0,0.2,0,0,0,0.2,0,0,0,3,0,3
121,0,5,0,7,7,6,2,76.85,26,1554135,2,28.85,23.05,32,46,7,85,2
122,0,4,0,1,7,7,2,103.857,45,4020,2,32.387,12.825,48,53.47,7,100,3
123,0,7,1,7,7,7,4,472.6738,82,6597794,2,220.1738,132.25,235,47.5,7,750,2
124,0,6,0,7,7,6,2,100.075,13,587,2,41.575,18.975,44,44.5,6,100,3
125,0,6,7,7,2,3,1,268.6131,74,717218,1,12.1131,12,0,3,7,250,2
127,0,7,0,7,4,1,1,150,110,4624474,0,10,0,140,0,7,150,0
129,0,7,7,2,6,4,1,166.225,27,0,1,114.725,100.175,48,0,6,100,0
131,0,4,2,7,7,7,1,196.31,5,4844580,0,1.8,0,160.12,34.39,6,200,0
132,0,7,0,0,2,1,1,90.525,61,0,1,12.025,9.825,75,18.5,7,100,1
133,0,7,7,0,3,2,1,149.885,181,0,1,43.025,41.825,95,26.86,6,250,1
134,0,7,0,0,1,0,0,5.7,44,0,0,5.7,5.5,0,0,6,0,0
136,0,7,4,0,1,1,1,123.85,182,0,1,25.35,24.95,95,18.5,7,130,1
137,0,7,0,0,0,0,2,222.85,62,0,3,212.35,212.35,0,37,7,200,2
139,0,7,1,0,7,3,2,140.475,47,0,2,100.475,96.075,33,37,7,200,2
140,0,2,0,0,0,0,1,38.125,13,0,1,34.625,34.625,0,18.5,4,50,2
141,0,7,0,7,7,7,0,287.025,135,983198,0,1.525,0.125,275,10.5,7,0,0
142,0,7,2,7,0,0,0,10.65,38,798304,1,7.15,4.75,0,0,4,0,3
143,0,0,0,7,3,3,2,99.9528,0,3069584,2,56.4528,0,50.5,23,2,100,2
144,0,7,0,7,6,6,3,239.725,93,2832132,1,134.225,130.425,102,18.5,7,250,1
145,0,1,0,7,0,1,0,19.3763,1,293168,1,9.8763,0.125,6,0,6,0,3
146,0,7,7,7,2,2,0,18.5005,42,146747,1,5.0005,0,10,0,7,0,0
147,0,0,0,7,0,1,1,250,0,3311482,0,0,0,0,0,0,250,0
148,0,7,1,3,7,7,4,406.89,134,857069,1,37.8,29.95,349.12,34.97,7,370,1
149,0,6,5,7,3,7,1,72,31,3839918,0,2,0,70,0,7,216,0
150,0,6,0,7,1,0,1,59.7,16,1012592,1,56.2,56,0,18.5,6,300,1
151,0,4,7,7,0,1,1,570,12,124052,0,0,0,0,0,5,570,0
152,0,7,7,0,0,2,1,100.375,91,0,0,11.375,11.375,14,0,6,75,0
153,0,0,0,7,1,4,1,78.4525,0,5773357,1,4.9525,0,0,18.5,4,100,1
154,0,7,7,7,1,1,1,150,173,813129,0,0,0,0,0,7,150,3
155,0,1,0,5,0,1,1,18.0213,2,2701552,1,14.5113,13.75,160.01,18.5,2,180,2
156,0,4,7,0,2,1,0,21.775,23,0,0,7.275,2.875,14.5,0,6,0,0
157,0,6,0,0,6,6,1,94.57,28,0,1,76.1,76.1,0,33.47,5,50,3
158,0,4,0,7,7,7,1,47.35,18,1778243,0,6.85,4.45,30,29,2,250,1
159,0,7,3,1,7,7,2,88.5,76,1,0,3,3,75,10.5,7,135,0
160,0,7,7,3,4,2,2,97.925,118,983,1,19.425,17.375,75,18.5,4,130,2
161,0,2,6,7,3,4,2,211.5213,6,3058705,2,39.0213,22.75,24,20,6,190,4
162,0,5,1,7,1,1,2,230.125,15,905073,1,46.625,43.675,0,18.5,4,230,4
164,0,6,0,7,1,2,2,183.6655,12,8951254,0,13.6555,1.5,170.01,18.5,4,340,1
165,0,5,0,6,3,3,1,169.4654,16,1246562,0,0.8254,0,167.14,1.5,5,170,0
167,0,0,0,7,0,0,0,0,0,3541988,0,0,0,0,0,0,0,0
168,0,7,7,7,3,0,0,0,37,74582,0,0,0,0,0,7,0,3
169,0,1,1,7,4,3,2,83.6778,1,7148153,0,13.6778,3.125,0,0,3,170,0
170,0,7,0,2,1,2,1,101.55,107,9,0,5.05,5.05,0,1.5,7,95,3
171,0,6,0,4,3,3,2,172.025,24,998613,0,148.025,38.5,24,0,5,150,0
172,0,7,1,2,3,6,2,220.59,48,536902,0,167.35,34.6,53.24,0,6,200,0
173,0,3,7,7,2,4,1,402.225,7,104,1,32.725,3.025,13,3,7,350,3
174,0,5,5,1,5,4,2,120.575,27,188,3,58.075,45.375,52,37,7,100,3
175,0,0,4,7,0,6,3,469.8255,0,7559874,1,155.0555,0,306.5,37,5,400,3
176,0,7,1,7,1,0,0,0.2,55,1415605,0,0.2,0,0,0,7,0,3
177,0,2,0,4,5,4,1,183.703,2,1559642,1,15.203,4.65,165,18.5,3,200,4
178,0,7,0,5,0,1,1,95,110,33467,0,0,0,0,0,6,95,3
179,0,4,4,3,4,2,1,100.375,5,198161,1,42.875,9.625,54,18.5,6,100,4
180,0,7,0,0,0,0,0,0,35,0,0,0,0,0,0,7,0,0
181,0,4,0,5,0,1,1,20.52,12,141450,0,20.4,20.4,0.12,0,7,60,0
182,0,7,4,6,7,7,0,37.185,103,234476,0,0.325,0,18,18.86,7,0,0
183,0,0,0,7,1,0,0,0.4,0,2507781,0,0.4,0,0,0,0,0,0
185,0,5,1,5,4,0,2,90,16,5,1,86.5,66.8,0,18.5,5,100,1
186,0,3,6,3,1,1,0,18.4,4,641305,1,13.9,11.5,1,0,2,0,3
188,0,4,0,0,5,5,1,63.125,13,0,0,43.625,43.625,12,7.5,7,100,0
190,0,5,4,0,0,0,0,144.2,16,0,0,144.2,131.6,0,0,5,0,0
191,0,6,0,7,4,1,1,161.6,38,2065485,0,1.6,0,160,0,5,170,0
192,0,7,6,0,6,6,1,119.075,119,0,0,15.075,14.875,95,9,7,100,0
193,0,7,0,0,6,1,1,167.765,117,0,0,72.765,70.965,95,0,7,150,0
194,0,3,1,7,2,2,2,146.6258,9,3269874,0,26.6258,11.125,50,0,2,120,0
195,0,3,0,0,4,5,1,37.72,10,0,1,16.25,15.65,6,30.47,5,50,3
196,0,7,4,0,7,7,3,157.715,254,0,0,47.595,31.625,95.12,15,7,195,0
197,0,7,1,1,7,7,3,120.175,87,0,0,31.675,28.475,78,10.5,7,130,0
198,0,2,0,5,6,5,1,190,5,118784,1,4.5,3.5,176,24.5,6,200,3
199,0,5,0,6,5,5,2,101.125,73,16,2,48.625,44.325,38,44.5,7,100,4
200,0,7,6,3,1,0,0,0,40,24568,0,0,0,0,0,7,0,3
201,0,6,6,6,0,1,1,652.5,15,308083,0,52.5,52.5,0,0,6,600,0
202,0,6,0,0,6,6,3,140.04,30,0,3,70.35,63.75,50.19,64.5,6,150,5
203,0,1,0,7,6,5,1,109.325,1,1199340,0,3.325,2.325,100,6,3,120,0
204,0,7,2,7,0,0,0,4.4,77,305108,0,4.4,4.4,0,0,7,0,0
205,0,7,0,0,7,7,1,108.925,173,0,0,23.425,21.625,75,10.5,7,120,0
206,0,7,7,7,3,1,1,352.5203,32,592061,0,2.5203,1.5,0,0,5,350,3
207,0,5,0,7,7,7,0,106.475,47,772257,1,27.475,25.675,65,10.5,7,0,2
208,0,7,0,3,7,7,2,144.63,26,3275,1,120.63,116.79,10,47.5,7,200,4
210,0,6,0,4,7,7,3,193.02,50,6324105,1,18.35,6.25,151.12,38.55,5,200,1
211,0,3,1,7,7,7,3,103.1,4,760899,2,25.6,9.5,60,66,6,140,4
212,0,7,0,2,7,7,4,268.115,171,955,3,90.115,75.375,157,66,7,265,4
213,0,6,0,1,7,7,1,78.675,41,49484,0,30.175,29.325,38,10.5,6,30,0
214,0,3,0,4,3,3,0,47.475,39,4205,1,11.475,11.475,28,4.5,7,0,3
215,0,7,0,5,5,5,2,292.25,61,1818143,0,2.4,2,271.9,17.95,7,350,0
216,0,7,0,7,4,3,4,327.15,60,889455,3,291.65,176.9,25,74,7,360,6
217,0,5,7,7,6,6,2,349.1089,48,1396938,2,30.1089,14.8,53,46,7,350,4
218,0,7,0,0,7,7,3,114.025,121,0,2,89.525,89.525,7,66,7,150,4
219,0,3,5,4,1,3,2,67.5703,21,927060,1,51.7503,28.545,12.32,37,4,110,3
220,0,7,0,6,7,7,2,219.7841,76,9224328,1,65.7841,27.1,140,29,7,220,2
221,0,0,0,7,0,0,0,0,0,1790087,0,0,0,0,0,2,0,0
222,0,1,1,7,2,4,1,171.71,1,2261469,0,6.35,0.125,157,8.36,6,200,0
223,0,1,0,7,5,1,1,156.736,1,6119185,0,16.736,1.625,140,0,1,150,0
224,0,4,0,1,4,4,2,68.775,22,1015004,1,18.275,15.875,47,37,7,100,3
225,0,2,0,7,4,7,3,114.3763,4,11969670,3,12.8763,9.3,91,55.5,7,135,6
226,0,4,1,2,0,2,1,83.9875,7,106634,1,50.4875,33.875,30,18.5,6,100,1
227,0,4,0,5,7,7,2,78.9255,26,2019970,2,16.4255,8.525,45,47.5,5,90,4
228,0,7,7,7,3,2,2,200.395,300,134893,2,73.275,71.375,120.12,37,7,200,2
229,0,6,2,1,0,6,1,72.225,39,1,0,72.225,67.275,0,0,7,60,0
230,0,7,0,4,7,7,1,142.17,212,66,0,35.9,30.9,91,10.5,7,50,0
231,0,7,0,0,0,0,0,0,67,0,0,0,0,0,0,6,0,3
232,0,5,0,3,6,6,1,136.4859,15,24040,2,74.0159,50.15,42,31.97,5,100,2
235,0,7,4,7,7,7,2,224.8053,112,694038,1,115.8053,18.8,95,29,7,210,2
236,0,5,1,5,1,4,3,213.2975,8,73288,2,53.2975,18.6,54,37,6,219,2
237,0,7,4,6,0,0,0,0,25,609467,0,0,0,0,0,5,0,3
238,0,6,0,2,1,1,1,221.2142,20,469033,0,26.2142,20.75,195,0,7,200,0
239,0,3,0,7,7,7,3,156.9,4,1609806,0,41.4,26.9,105,10.5,7,150,0
240,0,5,0,7,0,3,2,48.065,20,1968560,1,21.325,21.325,23.24,37,6,100,4
241,0,1,0,5,4,4,1,63.9652,9,2482,1,53.4652,39.525,1,24.5,6,200,4
242,0,6,1,7,7,5,2,67.325,79,45,1,38.725,17.075,25.1,18.5,7,60,1
243,0,7,0,7,0,2,3,638.5,100,2000570,0,168.5,168.5,120,0,7,750,0
244,0,2,0,7,3,4,2,194.6381,13,5397588,1,43.6381,36.825,3,41.5,5,270,5
245,0,7,1,7,1,6,0,0,67,1349910,0,0,0,0,0,7,0,0
246,0,7,6,1,1,0,0,0,208,484,0,0,0,0,0,7,0,3
247,0,4,7,7,7,7,1,323.5788,7,1292301,0,112.0788,33.875,201,10.5,6,500,0
248,0,5,0,7,0,5,1,254.995,15,15061777,1,63.375,63.375,188.12,0,7,200,3
249,0,6,6,7,1,6,2,268.325,41,5991468,0,128.325,122.125,0,0,6,270,0
250,0,7,0,7,2,1,1,168.725,54,5051615,1,5.225,4.625,160,18.5,7,170,4
251,0,7,4,7,7,7,2,298.8,55,4127977,1,64.8,59.4,220,29,7,300,1
252,0,7,0,7,3,7,5,388.0845,171,4090953,5,29.5845,28.575,91,92.5,7,400,7
253,0,5,0,3,6,7,2,42.95,14,7503,1,11.95,10.55,20,44.5,6,80,5
254,0,2,0,0,1,0,0,18.25,10,0,0,18.25,18.05,0,0,2,0,0
255,0,0,0,1,0,0,0,0,0,5644,0,0,0,0,0,0,0,3
256,0,0,0,7,0,1,1,250.0058,0,3444797,0,0.0058,0,0,0,0,250,3
257,0,7,4,7,1,2,2,320.88,20,629625,1,18.5,17.5,298.88,18.5,3,300,2
258,0,7,1,5,6,6,2,439.375,107,444820,0,20.375,18.175,410,27.5,7,600,1
259,0,5,1,0,4,3,2,58.875,27,0,1,37.375,34.575,18,37,7,150,2
260,0,7,1,7,6,4,2,241.675,17,4428546,1,72.175,4.525,160,6,6,228,3
261,0,7,2,7,7,7,3,173.9,68,16680,1,81.9,76.7,78,47.5,6,250,3
263,0,7,2,4,7,7,1,129.328,100,526689,1,20.328,12.5,95,29,7,120,2
264,0,7,7,0,5,3,1,178.685,219,0,2,33.325,31.725,130,26.86,7,150,2
265,0,7,6,7,0,1,0,3.51,24,1396986,1,0,0,0.01,0,7,0,0
266,0,7,2,0,0,0,0,0,126,0,0,0,0,0,0,7,0,0
267,0,6,7,0,3,3,1,165.175,21,0,1,111.675,76.875,50,18.5,7,100,2
268,0,4,1,0,7,7,1,60.25,32,0,1,13.25,8.4,33,29,7,70,1
269,0,6,7,5,6,6,2,215.9598,64,1187017,3,80.9598,67.4,114,47.5,7,200,3
270,0,3,4,0,3,3,0,98.725,9,0,0,30.725,12.125,68,0,6,0,0
271,0,0,0,7,0,1,0,28.8859,0,1946666,0,10.3859,0,0,0,3,0,3
272,0,4,0,0,6,6,1,22.8,4,0,1,10.3,10.1,0,27.5,2,30,1
273,0,7,7,3,0,0,0,0,57,121,0,0,0,0,0,7,0,0
274,0,6,0,4,7,7,1,89.055,49,65,1,48.975,25.325,24,31.08,7,45,1
275,0,6,5,7,1,2,1,189.9314,20,974679,0,15.0314,11.14,174.9,0,7,200,0
276,0,4,7,7,3,3,2,107.0883,7,547992,1,35.5883,30.875,68,37,5,160,4
277,0,2,2,7,0,0,1,32.075,7,4001251,0,32.075,18.875,0,18.5,7,80,2
278,0,4,0,7,0,3,2,334.0726,9,8290100,0,14.0626,0,320.01,0,3,400,0
279,0,7,3,7,2,0,0,86.1,168,1651336,0,86.1,21,0,0,7,0,0
280,0,7,0,5,0,1,1,108,44,95890,0,13,13,95,0,6,100,0
281,0,7,0,6,7,7,3,182.4764,44,2593913,3,37.4764,24.7,139.5,50.5,7,180,4
282,0,4,2,1,2,0,0,0.2,19,113703,0,0.2,0,0,0,0,0,0
283,0,7,7,7,7,7,2,344.31,46,3066911,2,146.31,107.25,180.5,29,7,200,1
284,0,7,4,0,1,3,1,117.9,20,0,2,15.9,15.7,95,18.5,7,100,3
285,0,4,0,7,2,4,2,68.4036,4,2643759,2,33.4036,9.3,28,37,7,60,4
286,0,5,0,4,7,7,3,226.3867,58,850319,2,35.3867,11.65,173.5,47.5,4,250,3
287,0,7,0,7,2,2,2,211.875,43,890554,0,93.375,26.375,100,0,6,200,2
288,0,7,6,4,0,0,0,0,36,27208,0,0,0,0,0,7,0,3
289,0,6,7,7,5,5,2,203.57,12,3535938,2,41.95,30.1,150.12,41.5,7,200,4
290,0,7,6,0,5,5,2,183.84,181,0,0,176.34,176.34,0,7.5,7,200,0
291,0,0,0,7,0,1,1,85.5,0,5390090,1,0,0,12,0,0,70,3
293,0,7,1,7,1,5,2,151.76,42,5013681,1,5.26,0,143,0,5,130,0
294,0,6,7,1,2,3,1,104.175,39,114,1,42.675,42.075,58,18.5,7,100,3
295,0,3,0,7,0,0,0,6.975,3,1399274,0,6.975,6.975,0,0,7,0,3
296,0,3,0,7,7,7,1,107.325,5,1457095,2,14.825,13.825,75,29,5,100,1
297,0,3,1,7,4,4,1,129.5838,13,1371072,1,3.5638,0,119.52,21.5,6,130,1
298,0,7,3,7,3,2,1,171.275,107,121709,0,63.275,25.375,108,0,7,200,0
299,0,2,3,7,7,7,1,137.755,2,735403,0,12.975,0,114.28,10.5,6,120,0
301,0,7,0,0,4,2,2,96.67,102,0,0,21.55,19.95,75.12,0,7,130,0
302,0,0,0,7,2,1,0,48.5098,0,541344,1,29.0098,0,16,0,0,0,3
303,0,7,2,0,5,0,0,0,95,0,0,0,0,0,0,7,0,0
304,0,6,6,1,7,7,1,75.295,35,775069,0,29.675,26.875,35.12,29,7,100,1
305,0,0,5,7,1,2,1,143.9,0,4025139,0,2.4,0,140,1.5,5,145,0
306,0,0,0,0,1,1,0,5.97,0,0,0,0,0,0,5.97,0,0,0
307,0,7,3,7,4,4,3,183.2051,69,1206495,2,59.7051,34.25,13,41.5,7,199,4
308,0,7,4,7,7,7,2,138.225,93,0,1,29.225,16.025,95,47.5,7,200,3
309,0,7,0,4,1,0,0,0,80,63239,0,0,0,0,0,7,0,0
310,0,2,4,0,4,4,1,35.855,3,0,1,11.775,11.375,11,28.08,7,45,1
311,0,6,0,7,7,7,2,99.0151,56,110812,2,45.5151,36.7,36,47.5,6,90,3
314,0,7,0,7,7,7,2,144.4401,21,2254967,2,89.9401,75.225,37,47.5,7,150,2
315,0,6,5,2,0,0,0,0,68,8832,0,0,0,0,0,7,0,3
316,0,0,0,7,0,1,1,140,0,3576449,0,0,0,0,0,7,140,1
317,0,7,7,0,7,7,2,188.905,109,0,3,73.425,59.625,90,51.98,7,200,3
318,0,4,5,7,1,3,1,161.5,36,2130254,0,67.5,54,94,0,5,100,0
319,0,3,0,2,6,6,1,41.4913,5,74669,1,28.9913,17.425,0,27.5,7,30,1
320,0,3,0,7,6,5,2,199.125,15,1105395,2,12.125,8.475,174,43,7,200,4
321,0,5,1,7,2,2,1,167.35,66,3448784,1,3.85,2.65,160,18.5,6,181,1
322,0,6,0,7,0,1,1,160,12,2994075,0,0,0,160,0,3,160,0
323,0,4,6,7,3,4,3,248.625,23,2782002,3,33.175,27.075,94,67.45,7,249,5
324,0,6,0,2,0,1,1,124,18,1225,0,29,29,95,0,5,100,0
325,0,3,2,7,2,1,1,36.95,6,2864027,0,24.95,20.55,12,0,1,100,0
326,0,7,0,6,6,0,0,55.2,194,298325,0,55.2,50.4,0,0,7,0,3
327,0,7,0,2,1,1,2,244.575,33,212,2,167.575,158.125,70,37,7,90,4
328,0,5,1,5,0,0,0,0,21,112342,0,0,0,0,0,5,0,0
329,0,0,0,7,3,4,1,100,0,980948,0,25,0,75,0,2,100,0
330,0,5,4,0,2,1,0,0.52,112,0,0,0.4,0,0.12,0,7,0,3
331,0,7,5,7,0,7,2,160,28,5227482,0,0,0,160,0,6,170,0
332,0,7,3,2,0,0,0,0,40,250363,0,0,0,0,0,5,0,3
334,0,6,2,0,7,7,3,100.48,25,0,0,38.4,27,48,14.08,7,120,0
335,0,1,0,7,7,7,1,223.575,3,5768627,0,73.075,0.375,140,10.5,2,200,0
336,0,5,0,0,5,0,1,121.325,33,0,0,121.325,118.525,0,0,5,100,0
337,0,3,0,7,0,2,2,220,10,4574357,0,0,0,220,0,3,220,0
339,0,4,0,1,3,3,1,48.875,15,0,1,34.875,34.875,6,23,7,50,2
340,0,7,0,6,7,7,5,451.4274,218,2283738,4,216.9274,185.65,111,84.5,7,449,5
342,0,3,0,0,6,6,1,69.105,9,0,0,12.525,3.525,44,31.08,2,100,1
343,0,0,0,5,1,1,1,132.0402,0,819890,0,57.0402,0,75,18.5,0,150,1
344,0,7,7,0,1,7,1,115.745,37,0,2,17.625,15.425,91.12,18.5,6,100,1
345,0,7,0,4,6,6,3,122.0246,27,73878,3,87.5246,71.775,15,64.5,7,110,4
347,0,5,1,7,2,1,0,184.875,15,2088944,0,59.875,55.975,125,0,6,0,0
348,0,7,2,5,5,3,1,122.64,54,2169251,1,6.14,0,110,3,7,100,2
349,0,7,7,0,3,6,0,55,116,0,0,5,0,50,0,7,0,0
350,0,7,0,2,7,7,2,139.6619,86,18045,2,54.1619,33.75,68,47.5,7,110,2
351,0,7,0,2,0,1,1,350,59,121596,0,0,0,0,0,6,350,0
352,0,2,0,0,3,3,1,49.78,8,0,1,9.8,9.8,26,28.98,1,50,2
353,0,7,7,0,7,7,1,134.695,163,0,1,22.575,20.375,98.12,29,7,150,1
354,0,7,0,5,2,1,0,0,110,884593,0,0,0,0,0,7,0,4
356,0,1,0,1,1,1,1,30.8542,3,44344,1,15.8542,4.875,10,20,7,30,4
357,0,7,0,0,1,1,1,90,103,0,0,0,0,0,0,6,90,3
358,0,0,0,7,0,1,1,169,0,1582206,0,0,0,0,0,4,169,3
359,0,6,3,7,6,7,1,140.175,99,2896608,2,24.175,20.775,100,27.5,7,110,4
360,0,7,0,7,7,7,1,205.3222,42,4647315,1,25.3422,13.875,160,34.98,4,200,1
361,0,6,2,1,7,7,1,57.075,11,128546,1,28.075,23.875,15,29,4,50,1
362,0,7,0,4,0,0,0,0,62,7895,0,0,0,0,0,7,0,0
363,0,7,0,7,7,7,1,96.425,65,93823,0,10.925,10.325,75,10.5,6,100,0
364,0,0,0,7,0,0,0,0,0,3948899,0,0,0,0,0,0,0,0
365,0,7,1,7,3,2,2,205.474,33,4436058,1,26.974,21.325,175,18.5,7,250,1
366,0,5,0,7,5,6,2,92.3034,17,2389576,2,58.3234,15.75,21,42.98,3,200,3
367,0,2,0,7,0,3,0,31.3365,4,2922920,0,31.3365,15.9,0,0,5,0,3
368,0,7,0,7,7,7,2,672.7,54,1010913,1,168.7,56.95,0,10.5,6,490,3
369,0,1,1,0,1,0,0,5.825,1,0,0,5.825,4.625,0,0,5,0,0
370,0,4,0,7,3,1,1,298.7375,8,6312206,1,155.2375,32.5,140,0,6,200,1
371,0,4,0,7,1,2,1,102.0335,7,1542026,0,0.5335,0,100,20,6,120,1
372,0,2,0,7,1,3,2,297.175,5,3483621,0,5.225,5.025,291.95,0,1,400,0
373,0,0,0,7,4,3,1,149.37,0,2937904,0,0.4,0,140,8.97,1,150,0
374,0,2,6,7,0,0,0,15.54,2,1859129,1,12.04,7.75,0,0,6,0,0
376,0,5,7,7,3,3,2,154.6828,30,5292404,4,62.6828,34.55,78,55.5,4,130,6
377,0,4,0,1,5,4,2,93.72,88,32501,0,12.6,11,75.12,24.5,7,150,1
378,0,6,0,0,7,7,2,173.425,89,0,3,51.425,48.525,101,47.5,7,130,4
379,0,6,1,7,0,1,1,160,25,5047369,0,0,0,160,0,5,160,0
380,0,4,0,7,1,1,0,45.5919,13,818215,1,37.0919,36.125,5,0,4,0,3
381,0,7,0,7,0,2,1,192.7592,21,2238797,0,12.7592,0,180,0,5,200,0
382,0,6,0,7,1,2,1,179.326,26,4114803,1,0.826,0,175,0,7,160,1
383,0,1,1,7,1,2,2,181.2,12,1113835,1,8.7,8.7,27.5,20,7,190,4
384,0,3,3,7,6,6,0,152.9608,4,5126390,1,33.4308,2,96.95,18.5,6,0,1
385,0,6,0,6,0,1,1,104.7408,12,4452410,0,4.7408,0,100,0,7,100,0
386,0,0,0,7,1,1,1,502.71,0,945073,1,0.21,0,0,0,2,999,0
388,0,6,1,7,7,6,4,297.7009,96,975097,6,146.7009,117.6,122.5,118.5,7,320,8
389,0,7,2,6,1,4,0,0,169,142815,0,0,0,0,0,7,0,0
390,0,4,7,7,1,4,1,188.575,16,2349072,0,18.575,13.875,170,0,5,200,0
391,0,5,0,7,1,1,0,45.9546,7,1134941,1,32.4546,2.875,10,0,4,0,0
392,0,4,0,3,5,5,2,77.655,51,120,2,11.325,8.575,39,57.33,6,80,5
393,0,3,2,0,6,4,0,32.685,45,0,1,8.225,6.825,3,17.96,7,0,3
394,0,7,0,0,4,0,0,0,32,0,0,0,0,0,0,6,0,3
395,0,7,5,2,0,0,0,0.7673,51,775651,0,0.7673,0,0,0,7,0,0
396,0,0,0,0,7,7,0,16.48,0,0,0,0,0,0,16.48,0,0,0
397,0,7,0,7,0,0,0,0,54,259322,0,0,0,0,0,7,0,3
398,0,0,0,7,4,4,0,0.211,0,152569,0,0.211,0,0,0,7,0,3
399,0,7,2,0,7,7,3,212.185,117,0,2,105.325,98.225,78,58.86,6,200,4
400,0,7,0,7,2,1,4,507.2043,64,36025,5,483.7243,359,0,98.48,7,500,5
401,0,1,0,7,7,1,1,148.7705,1,11693942,1,5.2705,2.325,140,0,0,140,0
402,0,7,1,7,7,7,1,149.2,85,2453505,0,43.7,41.3,95,10.5,7,100,0
403,0,7,0,3,2,1,2,350,69,16787,0,0,0,0,18.5,7,400,1
404,0,2,0,3,2,2,2,24.425,7,3,0,2.425,0.875,22,0,1,100,0
405,0,7,0,7,2,1,1,91.7784,88,176795,0,1.7784,0,0,0,7,90,3
406,0,7,1,7,3,0,0,2,95,32065,0,2,0,0,0,7,0,0
407,0,7,7,0,5,5,3,83.9,73,0,2,40.4,37.675,36.5,55.5,7,110,5
408,0,0,0,7,0,2,2,280,0,8867343,0,0,0,0,0,6,280,3
409,0,5,1,3,2,6,1,36.72,16,2669,0,2.6,2,34.12,0,7,100,0
410,0,4,2,7,6,7,1,147.7,5,2524343,1,0.2,0,135,27.5,2,150,4
411,0,7,2,4,0,0,1,5.3364,115,518697,0,5.3364,4.5,0,0,7,100,0
413,0,0,0,7,0,2,2,200,0,2627056,0,0,0,200,0,2,200,0
414,0,0,0,7,0,1,0,2.775,0,410812,0,2.775,0,0,0,5,0,3
415,0,6,6,4,5,4,2,146.8375,31,4522955,0,13.8375,3.875,133,0,4,150,0
416,0,5,3,7,1,0,0,4.075,12,1058951,0,4.075,0,0,0,4,0,0
417,0,7,0,6,7,7,2,239.8299,154,594289,1,31.0599,19.25,190,47.5,7,160,4
418,0,1,7,0,1,0,0,2.725,1,0,0,2.725,2.525,0,0,6,0,3
419,0,0,0,6,7,7,1,111.1,0,375511,0,0.6,0,100,10.5,2,100,0
420,0,7,7,3,1,4,0,0,120,237751,0,0,0,0,0,7,0,3
421,0,7,0,7,7,7,2,364.65,52,6152597,2,27.15,26.75,320,47.5,7,400,2
422,0,7,4,1,0,0,0,0,60,331,0,0,0,0,0,7,0,3
423,0,4,1,4,1,1,1,361.825,26,127384,0,11.825,6.375,0,0,4,350,2
424,0,1,0,7,4,5,1,99.9909,1,1209595,1,21.4909,2.325,75,18.5,4,100,3
425,0,7,4,0,4,2,1,116.165,81,0,0,20.925,18.925,95.24,0,7,110,0
426,0,0,0,6,6,4,0,35.7819,0,3051036,1,2.7819,0,25,4.5,7,0,3
427,0,3,2,1,2,1,2,119.095,10,190635,0,18.975,17.375,100.12,0,7,150,0
428,0,2,3,7,3,7,1,63.6027,14,1591996,1,22.1027,14.95,38,18.5,6,100,2
429,0,6,0,6,7,7,6,247.7175,84,528653,5,53.7375,48.9,160,127.48,5,290,7
430,0,3,2,7,0,1,1,42.7,4,400,0,36.7,11.5,6,18.5,1,100,1
431,0,2,0,3,1,1,1,44.275,13,183,1,34.775,17.025,6,18.5,3,45,3
432,0,7,2,7,1,3,2,157.425,84,2547556,0,38.275,15,110.79,26.86,7,250,2
433,0,7,1,7,7,7,1,171.3,17,5589571,0,0.8,0,160,10.5,6,180,0
434,0,0,0,7,0,1,1,171.6923,0,1227281,0,1.6923,0,170,18.5,2,200,1
435,0,7,0,0,4,7,1,83.375,35,0,0,14.375,13.175,69,0,4,90,0
436,0,7,0,7,7,7,1,262.275,87,463738,2,121.655,70.855,123.12,29,7,190,2
438,0,4,0,7,4,4,2,104.1149,31,3408804,3,11.6349,3.875,70,48.98,7,100,5
439,0,5,1,0,1,5,1,83.65,46,0,1,25.15,24.95,55,18.5,5,100,1
440,0,7,4,5,7,7,4,297.1665,186,542230,2,69.6665,23.25,210,47.5,7,310,3
441,0,5,3,1,7,7,1,69.045,25,517,1,32.075,22.925,17,16.47,7,30,0
442,0,1,0,5,6,6,4,191.4805,3,17829628,2,27.4805,0.375,151,61.5,4,210,5
443,0,7,0,7,2,5,0,0.0843,61,173707,0,0.0843,0,0,0,7,0,0
445,0,7,7,7,6,7,2,324.775,76,3331558,0,29.775,21.05,295,0,7,200,0
446,0,5,0,7,3,6,2,200.5875,8,2569585,1,20.0875,16.4,177,37,4,250,5
447,0,0,4,7,0,1,1,80,0,1518363,0,0,0,80,18.5,7,110,1
448,0,0,0,7,4,1,1,150.613,0,5142409,0,10.613,0,140,0,2,150,0
449,0,7,2,1,7,7,5,226.545,59,0,5,150.545,139.375,48,84.5,7,180,5
450,0,7,0,7,7,7,1,123.625,97,643136,0,18.125,16.525,95,10.5,5,150,0
451,0,7,0,7,4,1,1,160.8,18,7164909,0,0.8,0,160,0,5,150,0
452,0,6,1,7,4,4,3,452.121,45,5657261,2,67.571,13.325,368,65.05,7,500,4
453,0,0,0,7,1,1,1,140.0004,0,5142736,0,0.0004,0,0,0,0,140,3
454,0,7,0,5,7,7,3,256.61,51,1810416,2,174.1,168.5,65.01,47.5,7,242,3
455,0,3,3,0,6,6,1,215.075,23,0,2,78.075,73.275,121,27.5,2,100,3
456,0,3,0,7,6,2,2,331.0641,9,5773626,0,31.0641,23.125,318.5,0,6,400,0
457,0,7,1,6,0,0,1,180.39,30,144490,0,180.39,180.39,0,0,7,100,0
459,0,7,2,3,3,0,0,0.8,195,2258376,0,0.8,0,0,0,7,0,3
460,0,7,3,7,0,0,0,163.0869,141,5673341,0,163.0869,151.825,0,0,7,0,0
461,0,4,0,4,2,1,1,160.6,8,1056009,0,0.6,0,160,18.5,4,180,1
462,0,5,0,0,2,0,0,30.5,13,0,0,30.5,30.1,0,0,7,0,0
463,0,7,0,7,4,1,3,224.3321,70,332079,3,201.8821,137.75,0,48.95,7,190,3
464,0,7,7,2,7,6,4,166.475,88,29,4,27.475,17.475,125,74,7,160,7
465,0,1,0,7,2,7,1,89.668,1,758268,1,60.668,2.325,7,18.5,0,50,1
466,0,7,6,1,2,1,1,410.2,49,157858,0,60.2,60,0,0,6,350,0
467,0,6,0,1,3,1,3,101.375,35,588,2,88.375,81.375,6,55.5,7,150,4
468,0,7,0,7,1,2,1,49.4979,55,1237105,0,0.9979,0,30,18.5,7,50,2
469,0,0,0,7,0,1,1,169,0,30297,0,0,0,0,0,0,169,2
470,0,7,3,7,6,0,0,0,63,191543,0,0,0,0,0,7,0,0
471,0,7,6,7,0,0,0,0,31,732803,0,0,0,0,0,7,0,0
472,0,7,0,7,3,1,1,118.5,84,1029946,0,23.5,9.9,95,0,7,160,0
473,0,7,1,5,7,7,4,164.8122,87,287115,4,49.3122,14.475,91,84.5,7,180,5
474,0,7,3,7,7,7,1,120.08,64,71,0,8.6,8,95,16.48,7,150,0
475,0,7,4,7,7,7,5,181.145,81,387,4,59.675,47.525,91,108.97,7,250,6
476,0,7,0,1,7,7,1,127.155,111,83366,0,22.675,20.475,88,16.48,7,50,0
477,0,6,6,7,4,2,2,145.8924,51,649110,1,27.8524,6.375,105,18.5,7,200,3
478,0,7,4,7,0,0,0,0,52,223713,0,0,0,0,0,7,0,0
479,0,5,0,7,5,5,2,119.9094,18,3944,1,108.9094,61.65,0,26,6,100,1
480,0,0,0,7,0,1,1,140,0,5624105,0,0,0,0,0,5,140,0
482,0,7,3,7,1,0,0,31.53,98,7919499,0,12.45,12.25,0,0,5,0,0
483,0,7,0,7,0,2,2,213.605,55,1943875,1,10.105,10.105,200,0,6,200,0
485,0,7,2,7,4,7,1,178.975,112,2400057,0,18.975,13.375,160,0,7,100,0
486,0,5,2,2,3,0,0,0,17,629,0,0,0,0,0,3,0,3
487,0,7,2,7,7,7,2,172.645,63,3075737,1,77.675,67.875,75,34.97,7,200,1
488,0,7,0,2,7,7,4,122.87,42,3790,1,73.87,67.65,35,29,7,120,1
489,0,6,0,6,7,7,2,216.0686,24,3838849,2,16.3286,11.8,182.24,47.5,6,300,2
490,0,7,0,0,7,7,1,99.1,104,0,0,13.6,13,75,10.5,7,100,0
491,0,7,0,0,7,7,5,155.55,54,0,4,25.05,11.25,106,103,6,170,6
492,0,7,0,2,3,2,1,97.32,30,3589,0,91.2,60.95,6.12,0,6,100,0
493,0,0,0,7,1,1,1,70,0,1910364,0,0,0,0,0,1,70,0
494,0,5,2,4,6,6,3,191.1,24,43,1,100.6,97.8,78,46,7,250,2
495,0,3,0,7,0,3,3,417,5,8187261,0,0,0,0,0,7,417,3
496,0,6,0,5,7,6,0,23.375,33,1292966,1,12.375,11.375,0,7.5,5,0,1
497,0,7,2,7,7,0,4,257.675,51,302,3,247.175,157.575,0,55.5,7,280,3
498,0,4,1,7,0,7,1,100.01,4,2489701,0,0,0,100.01,0,1,100,0
499,0,2,1,7,7,1,1,185.3,6,4359140,0,45.3,5.55,140,0,5,130,0
500,0,5,5,0,1,1,1,80.6,14,0,2,33.6,25.95,40,18.5,5,50,2
501,0,4,2,1,2,0,2,110.35,12,1986,1,106.85,36.7,0,37,5,150,4
503,0,7,5,7,7,7,1,196.57,98,693682,0,43.77,42.17,142.3,10.5,7,200,0
504,0,7,0,7,3,1,1,50.275,41,1325000,0,15.275,14.825,35,0,7,50,0
505,0,7,1,7,7,7,1,103.1108,106,1690511,1,29.1008,15.65,60.01,10.5,7,50,0
506,0,7,6,7,2,0,0,0,87,12074,0,0,0,0,0,7,0,3
507,0,7,7,7,2,2,2,145.175,135,282,3,40.175,36.175,94.5,37,7,140,2
508,0,0,0,7,2,7,4,297.52,0,2652398,5,135.04,0,139,79.98,4,280,6
509,0,7,7,0,0,2,0,0,33,0,0,0,0,0,0,7,0,0
510,0,0,0,7,3,1,3,465.5135,0,1658577,0,215.5135,0,250,0,1,530,0
511,0,6,2,4,7,7,2,107.05,93,17,1,25.05,15.9,65,32,7,200,1
512,0,7,2,1,7,7,1,120.87,104,30320,0,35.37,26.2,75,10.5,7,100,0
513,0,6,0,7,7,7,2,252.2237,71,4673076,1,40.7537,15.475,191.5,34.97,7,250,2
514,0,0,0,7,0,0,0,0,0,1933928,0,0,0,0,0,1,0,3
515,0,6,0,7,4,2,0,49.9,12,101025,0,30.9,30.1,19,0,6,0,0
516,0,3,0,7,2,2,1,294.8252,9,48142,1,275.3252,7.725,16,0,7,100,3
517,0,7,0,7,7,7,2,306.4577,106,2623882,2,128.9577,107.25,160,47.5,7,300,2
518,0,1,0,7,1,1,1,199.5782,1,2647574,0,29.5782,3.125,170,0,0,200,0
519,0,7,0,7,0,0,0,0,28,223679,0,0,0,0,0,7,0,0
520,0,1,0,1,2,2,1,60.185,1,3531,0,0.325,0.125,50,28.36,6,95,3
522,0,3,0,2,7,7,0,183.525,5,1466640,0,-8.975,5.425,182,10.5,7,0,0
523,0,2,0,2,0,1,1,97.125,17,1757,0,2.125,2.125,95,0,5,100,0
525,0,3,1,7,3,1,1,104.8,8,1772262,1,1.3,0,100,0,1,100,2
526,0,7,4,7,3,7,1,183.38,67,4515255,0,6.6,0,176.78,0,7,200,0
527,0,6,0,7,1,6,2,120.3521,18,3667301,2,53.3521,51.45,60,18.5,5,80,1
528,0,0,0,7,0,1,1,167,0,7256901,0,0,0,167,0,3,150,0
529,0,5,0,7,2,1,1,113.275,33,1709609,0,13.275,3.875,100,0,7,150,0
530,0,0,0,7,0,2,1,99,0,1156642,0,0,0,0,0,1,99,2
531,0,7,6,7,1,0,0,297.2,40,6382,0,297.2,185.4,0,0,7,0,0
532,0,0,0,7,4,1,1,109.0261,0,3870487,0,9.0261,0,100,18.5,6,126,1
533,0,7,0,7,0,1,0,0,44,7986,0,0,0,0,0,6,0,3
534,0,7,1,1,7,7,2,216.555,99,128,3,64.975,60.775,127,69.58,7,240,6
535,0,7,0,6,7,7,2,218.9229,91,853973,1,88.6829,56.125,46.24,29,6,230,1
536,0,7,2,7,0,7,1,188.26,54,3527550,0,15.45,6.75,172.81,0,7,200,0
537,0,6,0,5,7,7,1,193.45,29,597037,0,22.95,21.75,160,29,7,200,1
539,0,5,1,6,0,0,1,56.1258,12,1034951,0,56.1258,46,0,0,7,30,0
540,0,7,0,7,2,2,1,115.155,31,1375424,0,15.155,8.875,100,0,7,100,0
541,0,7,1,7,5,6,2,290.9,94,506178,1,179.4,178.45,100.5,26,7,200,1
542,0,7,5,4,5,6,2,371.2,51,281719,1,0.2,0,10,26,7,380,2
543,0,7,7,3,7,7,3,126.686,37,930793,0,17.186,4.625,99,10.5,7,130,0
544,0,2,0,7,4,2,2,348.2625,2,7669908,2,61.2625,4.65,280,37,0,390,2
545,0,0,0,7,1,1,1,146.6971,0,2673799,0,6.6971,0,140,0,0,150,0
546,0,7,2,5,6,7,5,282.3611,131,436355,2,135.8611,52.375,139.5,37,6,230,2
548,0,7,4,7,2,1,1,105.37,26,843015,0,0.6,0,100,0,6,100,0
549,0,7,0,7,0,2,2,370.0492,93,2110421,0,0.0492,0,0,0,7,370,0
550,0,0,0,7,7,7,2,192.7,0,1971458,0,2.2,0,180,10.5,1,500,0
551,0,7,7,3,7,7,4,253.66,85,11407,2,69.8,63.25,166.36,66,6,270,4
552,0,5,7,2,0,3,1,50.26,34,358466,1,12.75,6.25,34.01,18.5,7,50,2
553,0,1,1,7,0,0,0,22.525,1,161,1,19.025,1.625,0,0,6,0,3
554,0,7,4,7,7,7,1,123.8,124,9198,0,18.3,17.9,95,10.5,7,133,0
555,0,7,0,7,0,0,0,0,31,208665,0,0,0,0,0,7,0,0
556,0,7,0,0,7,7,3,220.9,56,0,4,151.5,150.7,6,89.9,7,150,4
557,0,0,0,7,0,0,0,0,0,7504181,0,0,0,0,0,0,0,0
558,0,6,7,7,7,7,1,104.55,38,1491774,1,44.55,43.75,46,29,7,100,3
559,0,7,7,4,0,0,0,0,62,387840,0,0,0,0,0,7,0,0
560,0,3,5,7,0,0,1,51.875,3,45049,1,48.375,6.975,0,18.5,4,50,3
561,0,7,0,6,4,1,1,180.65,74,2544912,1,2.65,1.25,173,20,7,180,1
562,0,0,0,1,0,0,0,0,0,31,0,0,0,0,0,0,0,3
563,0,1,7,7,2,1,2,147.425,1,2536757,0,7.425,1.625,140,0,5,160,0
564,0,5,6,7,7,7,2,68.375,15,4376818,2,11.875,10.675,39,47.5,7,85,5
565,0,7,1,0,1,0,0,58.675,55,0,0,58.675,58.475,0,0,7,0,0
566,0,6,0,2,2,2,3,97.92,32,0,0,83.8,83.2,14.12,0,4,110,0
568,0,6,0,7,1,1,1,166.325,22,2389687,0,6.325,1.625,0,0,3,160,0
569,0,7,5,7,7,7,2,230.2,172,4299932,1,80.7,78.7,135.5,29,7,220,1
570,0,5,0,4,1,1,1,285.15,6,380857,0,25.15,24.75,260,0,6,250,0
571,0,7,7,7,6,4,3,229.5887,51,471535,1,168.0887,107.575,58,37,5,300,4
572,0,1,0,3,1,1,1,32.3888,1,10999,0,32.3888,30.925,0,18.5,1,300,4
573,0,7,0,0,1,3,1,74.62,52,0,0,35.5,35.3,57.62,0,7,100,0
574,0,1,1,4,0,0,0,0,1,2429022,0,0,0,0,0,1,0,0
575,0,7,0,0,2,0,0,0,38,0,0,0,0,0,0,3,0,0
576,0,7,7,6,7,7,0,10.7,24,8387,0,0.2,0,0,10.5,3,0,0
578,0,0,0,6,1,1,0,0.2,0,1383771,0,0.2,0,0,0,0,0,0
580,0,0,0,7,0,2,2,280,0,10457718,0,0,0,0,0,1,280,3
581,0,1,0,7,2,2,1,11.6663,2,20545,0,2.6663,0.25,24.5,3,6,30,2
582,0,0,0,5,0,0,0,0,0,179934,0,0,0,0,0,0,0,0
583,0,4,0,1,7,7,1,46.1,14,384425,0,17.6,12.75,18,10.5,4,50,0
584,0,5,7,7,3,7,2,150.0075,19,1704003,2,40.0075,22.175,103,37,7,200,3
585,0,6,0,7,2,2,2,339.05,63,3896718,1,15.55,14.75,320,18.5,4,360,1
587,0,7,7,7,7,7,5,402.025,237,1634316,5,234.025,180.825,140,103,7,400,5
588,0,7,0,7,6,6,2,284.0629,53,1033002,2,29.9429,11.75,146.12,24.5,7,245,4
589,0,6,7,7,2,6,2,390.005,58,4552539,1,52.225,51.625,334.28,18.5,7,400,4
590,0,7,0,6,2,0,0,0.4,75,278629,0,0.4,0,0,0,7,0,0
591,0,3,7,2,5,5,1,88.375,19,822,1,42.375,5.575,35,26,7,100,2
592,0,2,0,7,3,2,2,340.9983,2,1745723,0,85.0283,4.65,250,5.97,2,320,0
593,0,6,0,0,5,6,1,50.7,16,0,1,33.7,26.2,6,26,7,50,3
594,0,6,0,1,7,7,1,103.5327,20,3710,1,89.4127,48.1,0.12,29,7,100,1
595,0,7,2,3,7,7,3,165.55,74,642,2,40.05,24.25,108,66,7,210,6
596,0,7,0,7,4,3,3,193.69,86,903017,2,16.45,15.25,170.24,37,7,300,2
597,0,7,1,1,7,7,2,37.975,19,0,1,23.975,23.975,0,29,6,80,1
598,0,7,2,7,2,1,1,147.1,124,81039,1,42.6,34.7,101,18.5,7,140,1
599,0,0,0,7,2,4,1,145.1,0,1428674,1,1,0,107.14,51.96,0,150,4
600,0,7,7,7,0,0,0,0,40,116680,0,0,0,0,0,6,0,0
601,0,0,0,7,0,0,0,0,0,411201,0,0,0,0,0,2,0,3
602,0,1,0,7,1,1,1,259.575,3,8240648,0,9.575,9.375,0,0,6,250,3
603,0,7,0,7,1,6,1,111.8,57,994833,0,11.8,11.6,100,0,6,100,0
604,0,4,0,7,0,3,2,208.05,36,2067270,3,58.05,57.3,40.5,37,7,159,5
605,0,7,0,2,0,2,1,600,180,27743,0,0,0,0,0,7,600,3
606,0,5,1,1,6,5,0,16.425,35,361,0,8.925,8.525,0,7.5,7,0,3
607,0,7,0,4,7,7,2,203.925,41,585238,2,111.425,108.525,75,47.5,7,200,3
609,0,0,0,7,2,1,1,240.4,0,3237558,0,0.4,0,240,18.5,2,300,3
610,0,7,1,3,0,0,0,0,36,46625,0,0,0,0,0,7,0,3
611,0,2,0,7,0,0,1,19.75,4,134,0,19.75,11.5,0,0,4,100,0
612,0,6,7,7,0,0,0,86.4,32,503521,0,86.4,85.4,0,0,7,0,0
613,0,7,2,7,2,1,1,261.5759,34,3273464,1,8.0759,6,250,0,7,250,2
614,0,5,1,3,0,2,1,109.165,15,88994,1,20.665,6.375,85,18.5,6,100,4
615,0,5,0,0,4,4,2,76.905,17,0,2,54.325,48.325,6,46.58,7,80,3
617,0,5,0,7,4,5,4,123.8761,26,2353018,1,18.3761,14.25,50.5,18.5,6,190,3
618,0,7,7,1,4,0,0,0,68,2,0,0,0,0,0,7,0,3
619,0,7,0,7,7,7,2,79.675,61,107591,1,16.675,14.085,49,29,7,100,3
621,0,0,0,7,0,1,1,140,0,7041965,0,0,0,0,0,0,140,3
622,0,7,0,7,4,1,0,145.2166,129,76275,0,60.6766,16.125,75,0,7,0,0
623,0,7,0,7,6,7,5,310.3686,70,2659900,6,79.7886,63.75,98,123.58,7,329,7
624,0,1,0,7,1,2,1,205.725,2,2797900,1,50.225,4.65,12,0,5,140,4
625,0,7,1,0,7,7,4,149.825,153,0,4,26.325,21.325,99,84.5,7,150,5
626,0,6,7,7,1,2,1,351.5,66,1067871,0,0,0,0,1.5,6,350,3
627,0,5,2,0,6,6,1,67.575,27,0,0,7.575,5.575,51,9,5,70,0
628,0,7,2,7,7,7,2,439.415,51,7681635,1,105.415,101.375,320,29,7,420,1
629,0,0,7,5,0,0,0,0,0,48966,0,0,0,0,0,6,0,0
630,0,7,1,1,2,6,1,137.0887,143,161247,0,107.0887,89.875,30,0,7,100,0
631,0,3,0,7,4,3,3,310.3148,24,994415,2,65.3148,3,235,40,7,330,4
632,0,5,0,7,7,7,1,195.2582,15,9900144,1,15.7582,5.275,27,9,3,170,0
633,0,7,2,0,2,1,1,38.095,14,0,1,34.475,28.15,0.12,18.5,7,100,4
634,0,7,3,7,3,3,1,600,40,40565,0,0,0,0,0,7,600,3
636,0,5,0,7,0,0,0,0,17,8,0,0,0,0,0,7,0,0
637,0,1,0,7,2,7,1,193.9325,1,5178510,1,5.4325,2.325,185,0,7,200,0
638,0,4,7,2,2,1,1,158,6,506282,0,0,0,0,0,6,158,0
639,0,6,0,1,7,7,2,127.675,39,72005,0,16.075,15.875,95.12,34.98,6,200,1
640,0,3,0,6,3,3,2,182.7,3,4120086,0,2.7,0.375,180,0,0,400,0
641,0,6,0,7,5,2,2,283.5589,26,3349598,2,116.5589,79.75,160,37,6,300,3
642,0,7,0,7,3,7,1,100.01,35,4782989,1,8,0,84.01,23,6,100,1
644,0,7,7,7,7,7,2,231.425,109,2638082,1,22.425,22.425,95,10.5,2,200,0
645,0,7,0,7,1,4,1,225.2201,119,1676384,0,0.2201,0,0,0,7,225,3
646,0,5,4,0,3,4,1,59.275,55,0,0,14.275,13.475,45,0,6,50,0
647,0,0,0,6,5,0,0,0,0,687,0,0,0,0,0,1,0,3
648,0,4,0,7,4,1,1,22.05,10,724574,0,9.05,7.85,13,18.5,4,50,2
649,0,7,2,7,7,7,3,437.517,88,2686923,3,171.517,95,105,66,7,390,4
650,0,7,3,7,3,7,2,194.7717,99,1356624,2,92.7717,60.775,95,37,7,200,3
651,0,3,0,1,3,3,1,130.725,9,361025,1,22.725,22.125,100,23,7,200,4
652,0,4,1,4,7,7,1,54.55,8,12,0,44.05,34.6,0,29,7,100,1
653,0,0,0,7,0,1,1,140,0,4133915,0,0,0,0,0,2,140,3
654,0,3,7,7,4,1,1,183.675,3,4195958,1,10.175,9.375,170,18.5,4,200,3
655,0,7,7,5,7,7,5,162.7,211,45,2,54.2,38.25,91,47.5,7,300,3
656,0,6,0,7,0,0,0,0,16,165609,0,0,0,0,0,5,0,0
658,0,1,1,3,1,1,1,148.325,1,513709,0,8.325,2.325,0,18.5,1,170,2
659,0,7,0,7,2,5,2,231.975,146,1877925,0,6.975,6.375,225,0,7,300,0
660,0,7,2,0,7,7,2,86.4,119,0,1,59.4,59.4,13,29,7,100,1
661,0,4,0,7,6,5,1,157.945,37,790796,1,46.825,45.625,100.12,26,4,150,3
662,0,7,0,4,0,0,0,0,37,68566,0,0,0,0,0,6,0,3
663,0,4,7,0,4,4,0,42.95,6,0,0,25.95,13.95,11,6,6,0,0
664,0,7,0,3,2,4,1,29.8824,69,14400,1,10.4024,7.5,10,24.48,7,30,2
665,0,0,0,7,0,1,1,250,0,3434930,0,0,0,0,0,0,250,3
666,0,5,7,7,1,5,2,267.9,48,434006,1,10.4,10.4,85,18.5,6,269,3
667,0,3,0,0,1,0,0,12.575,3,0,0,12.575,12.375,0,0,1,0,0
668,0,7,0,7,5,1,1,154.755,62,4536130,0,14.755,12.105,140,0,7,150,0
669,0,4,0,7,1,2,1,221.3657,22,6147889,1,44.8657,31.35,173,18.5,6,250,3
670,0,7,0,7,7,7,1,116,18,2939076,1,2,0,100,10.5,4,100,3
672,0,7,0,7,7,7,4,139.009,68,377702,3,37.509,8.5,91,74,7,190,5
673,0,5,1,4,7,7,2,95.1579,53,759404,2,35.7379,26.125,33.56,55.86,7,80,2
674,0,7,1,7,1,1,1,229.875,163,16,0,134.875,128.375,95,0,7,500,0
675,0,0,0,7,1,2,2,55.9308,0,1894711,0,25.9308,0,30,0,0,130,0
676,0,2,0,7,3,2,1,159.3808,5,2857736,1,12.8808,11.625,140,21.5,7,170,2
677,0,0,0,7,0,2,2,200,0,4723025,0,0,0,200,0,1,200,0
678,0,7,0,1,6,5,2,201.1,157,291684,1,97.1,96.5,0,29,7,190,3
679,0,4,0,5,0,3,1,185.75,4,2765147,1,16.25,14,166,18.5,7,170,3
680,0,6,4,4,3,1,0,69.255,13,189,1,55.755,39.105,10,0,2,0,1
681,0,0,0,7,0,3,1,117.4692,0,1854774,0,17.4692,0,0,0,2,100,3
682,0,7,1,7,1,2,1,180.6,28,1702370,0,0.6,0,180,0,7,100,0
683,0,1,1,5,6,4,2,186.525,1,2051157,0,6.525,2.525,180,0,7,200,0
684,0,0,0,7,0,1,1,139,0,1202725,0,0,0,0,18.5,1,239,4
685,0,7,0,0,7,6,1,59.35,42,0,1,40.85,36.45,6,27.5,7,50,2
686,0,0,0,6,0,0,0,0,0,8344,0,0,0,0,0,0,0,0
687,0,7,1,1,6,6,2,100.075,31,4213,1,87.575,86.375,0,46,7,130,2
688,0,7,0,7,0,1,1,150.6,177,1148932,0,0.6,0,0,0,7,150,0
690,0,2,5,7,1,7,1,66.0038,2,1199408,2,12.4638,6.85,37,55.5,6,30,4
691,0,0,0,0,0,0,0,0,0,0,0,0,0,0,0,0,0,3
692,0,2,6,7,0,1,1,299.8492,4,1274125,0,9.8492,9.3,290,0,5,300,0
693,0,0,1,7,5,5,1,111.9,0,850135,0,4.4,0,100,26,2,126,1
694,0,7,3,5,5,6,1,5.64,91,5950,0,2.64,0,0,21.4,7,50,2
696,0,7,3,1,1,1,1,109.675,64,50,0,29.675,7.875,80,18.5,2,100,4
697,0,6,0,7,0,2,2,200,27,3003397,0,0,0,200,0,7,200,0
698,0,4,0,0,3,3,1,52.85,14,0,2,41.35,41.35,0,23,7,50,4
699,0,0,0,7,1,1,0,1.7862,0,3086429,0,1.7762,0,0.01,0,3,0,3
700,0,5,2,5,0,0,0,0,16,221459,0,0,0,0,0,5,0,0
701,0,0,0,7,3,0,0,7.2,0,1454239,0,7.2,0,0,0,2,0,0
702,0,5,0,7,5,5,4,300.339,14,7247814,4,72.839,15.75,232,55.5,4,300,5
703,0,6,2,7,7,7,4,468.3,25,6223234,1,154.3,145.625,300,29,7,550,1
704,0,2,0,0,3,0,1,6.25,2,0,0,6.25,5.05,0,0,5,100,0
705,0,7,0,0,7,7,1,127.085,178,0,1,34.505,34.105,75,32.58,7,130,3
706,0,6,7,7,1,0,0,0.1341,65,427180,0,0.1341,0,0,0,7,0,0
707,0,5,7,2,6,6,2,85.3,32,1127,1,31.8,26,41,46,7,110,2
708,0,0,0,7,0,1,1,251.125,0,2743708,0,1.125,0,0,0,0,250,3
709,0,5,0,4,5,4,3,160.0542,13,4506382,3,62.1942,8.125,73,69.86,7,160,5
710,0,7,3,5,7,7,2,376.285,199,2137261,1,127.285,96.875,235,29,7,350,1
711,0,7,3,7,4,1,3,212.5,35,5366741,0,52.5,48.5,160,0,7,700,0
712,0,7,7,3,6,6,2,39.95,22,60397,0,39.95,37.95,0,18.5,7,60,1
713,0,7,0,3,5,3,2,108.725,153,727,0,30.725,27.925,78,0,7,140,0
714,0,7,6,5,7,7,1,161.045,221,561028,2,36.425,27.625,107.12,29,7,50,2
715,0,7,0,6,0,1,0,0,49,966679,0,0,0,0,0,7,0,3
716,0,2,3,0,7,7,0,84.91,10,0,0,68.41,36.21,6,10.5,7,0,0
717,0,6,0,5,1,2,1,91.5057,52,443271,0,0.0057,0,0,1.5,7,90,0
718,0,7,2,7,0,3,1,127,81,6609859,0,0,0,127,0,7,100,0
719,0,6,3,0,1,0,1,252.725,41,0,0,252.725,247.125,0,0,6,400,0
720,0,1,0,1,2,1,1,10.2542,4,157,0,2.2542,0.5,8,0,2,100,0
721,0,2,2,5,6,6,0,47.9147,9,1557049,0,32.9347,20.925,0,14.98,6,0,3
722,0,7,0,5,7,7,4,373.4,84,1255587,2,79.9,72.1,276,47.5,7,400,3
723,0,5,0,7,3,1,1,480.55,20,35,0,130.55,73.85,0,0,7,350,0
724,0,5,5,7,1,1,1,284.35,14,5173488,0,34.35,34.15,0,0,5,250,0
725,0,2,6,0,7,7,1,90.845,23,0,2,32.845,27.075,40.5,29,7,30,3
726,0,7,2,2,2,6,2,67.525,65,350459,0,47.525,20.125,20,0,7,100,0
727,0,7,7,1,1,1,2,188.4,68,90,1,134.9,120,50,18.5,6,200,1
728,0,7,0,1,7,7,2,182.72,54,957,3,134.75,125.75,21,53.47,7,160,3
729,0,7,1,4,4,1,2,112.35,202,262613,1,33.85,27.65,75,37,7,200,4
731,0,7,1,2,7,7,2,133.675,191,55267,1,24.675,23.875,95,47.5,7,170,3
732,0,7,0,4,7,7,1,210.35,38,1438778,1,36.35,34.75,160,29,4,200,1
733,0,7,0,1,0,1,1,95,46,172,0,0,0,0,0,7,95,3
734,0,2,0,6,0,0,0,8.8405,3,1091672,0,8.8405,7.875,0,0,4,0,0
735,0,7,7,6,7,7,4,230.7893,59,61782,4,104.2893,44.575,102,84.5,7,190,4
736,0,2,0,7,0,7,2,190.0625,4,4590349,2,87.0625,4.9,96,18.5,5,150,4
737,0,3,0,6,5,3,3,167.1167,10,1808561,3,34.6167,17.75,116,61.5,6,168,5
739,0,7,7,2,7,4,3,116.1575,28,900834,0,54.1575,40.9,62,0,7,140,0
740,0,0,0,7,6,3,0,60.2376,0,6032193,1,26.7376,0,30,0,4,0,0
741,0,7,0,3,1,0,1,110.5357,26,779041,1,107.0357,78.125,0,18.5,6,100,2
742,0,6,2,4,0,1,1,100.7,28,69383,0,5.7,5.7,95,18.5,5,120,1
743,0,7,6,7,7,7,1,99.745,53,1907411,1,8.625,6.375,77.12,29,7,100,1
745,0,7,0,1,7,7,2,159.075,203,165,0,28.575,25.375,117,13.5,7,150,0
746,0,0,0,7,2,2,2,341.4,0,4389739,0,1.4,0,340,0,0,400,0
747,0,0,0,7,1,2,1,140.4,0,2024175,0,0.4,0,140,18.5,4,200,3
748,0,4,0,7,3,4,1,104.8639,6,1442371,0,0.3639,0,100,4.5,7,100,0
749,0,7,7,0,1,2,2,110.725,42,0,0,4.725,4.525,11,18.5,7,145,1
750,0,1,1,5,0,0,0,0,1,44014,0,0,0,0,0,3,0,0
751,0,3,0,7,5,6,5,582.5837,7,16663157,4,141.0837,20.675,420,100,7,740,7
752,0,7,2,7,6,2,2,379.0075,27,7949889,3,73.7375,63.375,290,55.5,7,250,3
753,0,3,0,7,0,1,1,150,17,133,0,0,0,0,0,7,150,3
754,0,1,0,5,5,5,0,51.2875,3,647408,1,28.2875,6.375,12,7.5,0,0,3
755,0,7,6,7,6,5,2,114.55,36,307219,3,54.74,36,23.01,63.3,6,110,3
756,0,7,0,6,6,5,1,115.65,51,474623,2,53.65,48.05,55,18.5,7,60,1
757,0,7,4,7,7,7,2,144.12,42,592251,1,53.15,36.75,71,34.97,7,65,2
758,0,4,1,7,7,7,1,323.375,7,2809790,0,42.875,40.475,270,10.5,7,240,0
759,0,7,1,7,6,1,1,166,27,6500526,0,6,0,160,0,5,120,0
760,0,7,7,7,2,2,1,181.395,83,821688,1,22.775,22.375,80.12,18.5,7,175,4
761,0,6,7,7,7,6,3,336.6,17,6361202,2,39.6,37.2,1,27.5,6,330,3
762,0,1,1,7,0,7,1,100,1,442935,1,94.5,1.625,2,18.5,1,100,3
763,0,7,7,7,0,0,0,0.0742,44,468944,0,0.0742,0,0,0,7,0,2
764,0,5,0,7,4,1,0,186.6,12,1108831,0,153.6,147.9,33,0,4,0,0
765,0,7,0,7,7,7,4,609.7069,35,16091163,3,202.8469,85.5,240,72.86,7,739,5
766,0,0,0,7,0,0,0,0,0,1491301,0,0,0,0,0,3,0,0
768,0,7,7,0,1,5,1,96.475,35,0,2,24.475,20.875,65,18.5,7,50,2
769,0,2,0,7,5,5,2,281.5,2,8341232,0,34,3.25,240,26,7,300,1
770,0,7,1,2,5,5,2,118.625,78,4935,1,11.625,7.225,6,26,7,120,4
771,0,6,6,1,2,1,1,105.15,55,82944,1,26.65,7.4,75,18.5,4,120,1
773,0,1,0,7,1,1,0,16.275,5,1836822,1,0.825,0.625,11.95,0,4,0,2
774,0,7,0,3,7,7,3,296.3972,62,209232,1,272.8472,238.75,0,38.55,7,300,1
775,0,0,0,7,0,0,0,0,0,11150184,0,0,0,0,0,1,0,0
776,0,7,5,2,4,6,0,0,84,55,0,0,0,0,0,7,0,0
777,0,0,0,7,1,2,1,255.8343,0,11332011,1,90.3343,0,162,18.5,0,200,1
778,0,6,6,6,2,2,2,289,38,2407027,0,0,0,0,0,7,289,3
779,0,5,0,7,4,5,2,195.0051,34,1057023,3,79.5051,28.45,105,37,6,200,2
780,0,7,0,7,0,2,2,320,19,5789082,0,0,0,320,0,5,300,0
781,0,4,0,7,4,1,2,200.1622,16,8427310,1,56.6622,54.5,300,18.5,5,370,1
782,0,7,7,2,7,7,1,95.125,69,0,0,9.625,8.625,75,10.5,7,30,0
783,0,7,0,0,7,7,2,126.52,40,0,1,82.4,79.4,30.12,29,4,150,1
784,0,3,0,7,7,7,1,46.17,10,1037983,1,12.05,10.25,20.12,29,6,100,4
785,0,6,1,7,3,1,0,37.725,25,1125731,0,9.225,3.125,10,0,2,0,3
786,0,7,0,7,7,7,2,228.61,94,2852221,2,21.12,11.75,160.12,77.37,7,210,4
787,0,4,0,0,3,5,1,65.575,59,0,0,13.575,13.375,52,18.5,6,95,1
788,0,7,2,7,6,0,0,0,81,1280141,0,0,0,0,0,7,0,3
789,0,0,0,0,0,0,0,0,0,0,0,0,0,0,0,6,0,3
790,0,7,1,7,2,7,4,143.1925,53,1754273,0,91.1925,21.025,52,0,7,120,0
791,0,6,4,7,6,7,1,125.0249,61,937964,3,18.7849,16.425,76,51.97,7,45,4
792,0,4,6,0,3,4,1,61.1,8,0,1,14.6,12,43,18.5,7,50,3
793,0,3,2,7,1,3,2,177.3345,5,3343982,0,27.3345,24.125,168.5,0,5,200,0
794,0,7,0,7,0,1,1,100,46,1552805,0,0,0,100,0,6,100,0
795,0,0,0,7,0,1,1,499,0,2181924,0,0,0,0,0,7,499,0
796,0,7,7,7,6,7,5,276.75,122,3249693,0,102.25,96.85,174.5,0,7,350,0
797,0,7,0,3,2,0,0,0.6063,93,517343,0,0.6063,0,0,0,7,0,3
798,0,7,0,7,7,7,1,147.495,211,70,0,41.995,30.775,95,10.5,7,150,0
799,0,6,1,7,7,7,0,49.85,14,2935838,0,39.35,36.95,0,10.5,6,0,0
2,1,0,0,0,0,0,0,0,0,0,0,0,0,0,0,1,0,2
16,1,0,0,7,0,1,1,157.2515,0,4365586,0,17.2515,0,0,0,1,140,5
33,1,4,1,1,6,6,2,118.6039,78,70,3,18.7139,11.95,55,71.39,4,86,5
36,1,7,0,4,4,1,0,77.445,45,964426,0,64.675,62.875,8,0,7,0,0
42,1,7,0,0,4,4,2,222.335,21,0,0,197.835,196.835,24.5,0,6,150,0
56,1,7,0,2,7,7,2,149.6125,46,151479,1,77.6125,73.95,58,29,7,150,1
57,1,6,1,2,4,2,2,144.095,349,773,1,60.825,59.025,75,18.5,6,140,1
83,1,7,0,1,5,7,1,128.145,127,4,0,37.025,33.875,91.12,0,7,100,0
93,1,4,1,5,4,4,6,221.5207,10,9027478,3,106.0207,38.65,105,74,0,290,4
95,1,6,0,2,1,1,1,364.45,24,19581,0,34.45,34.25,0,0,7,330,0
113,1,7,0,7,7,6,3,334.3821,38,4691572,1,21.8821,0,300,27.5,7,350,2
120,1,0,0,7,2,1,1,6.7644,0,564650,0,6.7644,0,0,18.5,3,60,1
126,1,7,0,1,7,7,2,64.789,124,1583518,2,38.789,37.1,10,46,7,60,3
128,1,7,1,0,2,0,2,361.7,84,0,2,354.7,347.1,0,37,7,290,2
130,1,6,0,5,0,1,1,203.9,26,788746,1,0.4,0,200,0,5,200,1
135,1,2,0,6,3,4,2,70.5966,19,247435,2,31.0966,5.975,31,38.5,6,70,2
138,1,6,0,4,0,0,0,0,36,2157,0,0,0,0,0,7,0,0
163,1,1,0,5,3,3,1,26.4631,1,205777,0,21.9631,1.325,0,23,7,45,1
166,1,4,0,6,5,5,2,200.38,31,363878,2,95.35,82.95,86.95,48.08,7,200,2
184,1,7,0,5,3,0,2,90.4498,101,174186,0,90.4498,28.025,0,0,4,80,0
187,1,0,0,7,5,7,2,59.9897,0,797025,1,8.9897,0,47.5,18.5,5,60,4
189,1,0,0,3,0,1,1,2.7,0,139978,0,2.7,0,0,0,0,139,0
209,1,5,1,7,7,7,1,59.375,27,1513962,0,33.775,22.575,15.1,10.5,7,50,0
233,1,0,0,7,0,1,1,140,0,3362640,0,0,0,0,0,0,140,4
234,1,6,1,6,2,2,1,57.7656,103,9143072,0,26.0292,0,35,0,5,50,0
262,1,0,0,5,0,1,1,103.7595,0,144402,0,3.7595,0,100,0,0,100,0
292,1,4,0,3,7,7,0,44.924,41,10958,1,24.3383,11.725,4,14.37,5,0,0
300,1,7,0,7,6,1,3,369.9,36,2153023,1,226.4,162,140,18.5,3,360,1
312,1,0,0,4,0,0,0,0,0,1214174,0,0,0,0,0,0,0,0
313,1,7,6,7,7,7,3,272.1487,66,5962078,2,108.9277,63.25,140,54.05,5,260,2
333,1,2,1,7,1,1,1,228.1274,7,2281636,1,149.6274,39.875,75,18.5,4,250,3
338,1,7,0,7,2,2,1,156.2246,16,1631292,1,124.3145,50.4,22,19.18,4,100,1
341,1,0,0,1,1,1,1,13.9707,0,841648,0,0.6025,0,28.5,0,1,50,5
346,1,0,0,0,0,0,0,0,0,0,0,0,0,0,0,2,0,7
355,1,2,0,3,2,1,0,95.9494,3,572992,0,35.4494,22.535,42,0,1,0,0
375,1,0,1,7,0,2,2,278,0,11889027,0,0,0,0,0,4,278,5
387,1,4,0,0,5,5,3,94.6583,25,0,3,36.7274,36.125,29.5,72.09,2,130,4
412,1,4,2,2,4,7,1,94.535,19,9625,0,64.875,63.875,29.66,0,4,50,0
437,1,0,0,7,2,0,0,8.1944,0,3854083,0,8.1944,0,0,0,2,0,0
444,1,3,0,1,0,0,0,0,9,22674,0,0,0,0,0,2,0,0
458,1,7,1,6,0,1,3,299.779,67,213022,2,217.779,179.975,75,37,7,400,2
481,1,3,2,0,7,7,0,42.751,4,0,0,11.5,7.1,21,11.08,3,0,0
484,1,2,0,4,3,4,2,71.3011,3,645634,2,15.3011,2.575,49,37,2,70,7
502,1,7,0,7,2,4,1,111.8,31,2774368,2,88.8,3.875,16,18.5,7,100,4
521,1,1,1,7,0,2,0,29.0154,1,4001903,1,20.5154,2.325,5,0,7,0,0
524,1,4,0,1,4,4,4,220.5505,57,86202,1,65.0005,42.325,129.05,41.5,4,230,2
538,1,1,0,7,2,0,0,2.9266,1,105372,0,2.9266,2.325,0,0,0,0,0
547,1,2,0,2,1,0,2,64.4418,3,7292,2,57.4418,9.975,0,37,2,60,2
567,1,7,0,7,3,1,1,206.825,71,2732415,1,43.325,39.875,160,0,5,180,0
577,1,4,0,7,0,1,1,139,11,3344173,0,0,0,0,0,7,139,0
579,1,0,0,3,0,0,1,0,0,14032,0,0,0,0,18.5,4,100,1
586,1,7,0,0,2,1,1,55.9,63,0,0,55.9,45.9,0,0,7,50,0
608,1,1,0,0,0,0,0,1.625,1,0,0,1.625,1.625,0,0,1,0,7
616,1,1,0,1,7,7,0,14.575,15,58,0,4.075,4.075,0,10.5,1,0,0
620,1,3,0,0,5,5,3,71.345,39,0,2,16.375,7.075,36,67.47,7,90,8
635,1,4,0,4,5,5,0,76.15,18,31532,1,52.15,34.65,13,7.5,7,0,5
643,1,7,0,1,4,6,1,161.1525,111,37530,0,68.1525,66.55,83,0,7,100,0
657,1,0,1,6,1,1,0,6.1338,0,474767,0,2.5538,0,0,3.58,3,0,0
671,1,1,0,6,0,0,0,12.8342,1,1106,0,12.8342,2.325,0,0,4,0,1
689,1,7,0,3,7,7,2,336.425,189,41764,3,221.425,219.425,91,50.5,7,200,2
695,1,4,1,7,0,3,1,59.275,10,220906,0,38.775,23.75,20.5,18.5,4,100,1
730,1,5,0,1,6,5,1,44.9485,31,70,1,18.4799,17.075,15.5,24.79,7,40,3
738,1,0,0,1,7,7,0,10.5,0,79419,0,0,0,0,10.5,0,0,0
744,1,7,0,7,1,1,1,40.25,53,459616,1,16.75,16.5,0,31.13,7,100,1
767,1,0,1,7,2,2,0,16.3969,0,611681,0,13.3969,0,0,3,0,0,4
772,1,4,1,2,0,2,1,10.1769,10,93775,0,10.1769,1.25,18.5,0,4,30,0
829,1,3,0,7,0,1,2,221.5,16,5950225,0,81.5,81.5,18.5,0,4,240,0
843,1,0,0,7,1,1,1,140,0,4712255,0,0,0,0,0,1,140,7
846,1,1,0,7,2,1,1,48.4523,2,113125,2,14.4523,4.75,27,18.5,0,30,1
860,1,5,1,4,2,1,1,350,31,168602,0,0,0,0,0,7,350,0
862,1,5,5,0,4,3,1,108.8619,23,0,1,75.2783,71.875,24,19.18,5,100,1
898,1,6,7,7,6,6,1,105.05,36,5,2,71.05,63.9,18,27.5,6,50,1
904,1,7,1,5,1,4,3,252.575,66,771496,2,205.575,185.85,40,37,7,240,3
910,1,7,1,7,3,1,2,108.12,33,999006,1,4.5,2.2,100.12,18.5,6,150,1
920,1,6,0,6,7,3,2,258.3842,41,355971,1,30.2566,17.625,225.03,19.18,7,300,1
928,1,7,0,2,7,7,4,171.28,171,723,4,46.8,36.775,94,90.48,7,170,4
933,1,0,1,6,0,0,0,4.0705,0,4082053,0,4.0705,0,0,0,6,0,7
942,1,5,7,5,4,4,3,220.5566,57,437253,2,183.5566,143.625,30,55.5,7,250,3
966,1,5,0,7,3,1,2,239.5502,31,533687,1,136.0502,87.475,100,18.5,7,200,1
980,1,3,6,6,6,6,2,276.3834,9,1435591,3,171.8834,101.625,85,46,5,200,2
1006,1,7,7,6,6,2,1,56.0442,68,1175059,0,45.0442,33.2,11,0,7,30,0
1007,1,4,0,7,0,7,0,2.4842,14,2645430,0,2.4842,1.75,0,0,2,0,0
1020,1,6,2,7,1,1,2,162.05,41,259015,0,72.05,68.25,0,0,6,190,0
1028,1,7,2,6,5,1,1,50.4,116,16072,1,37.9,9.35,9,18.5,7,50,1
1033,1,3,5,0,6,6,1,140.1739,5,0,0,108.425,18.225,13,9.87,4,100,0
1035,1,5,0,5,4,2,1,493.4905,19,6113685,0,133.1741,130.57,160,3.58,5,200,0
1067,1,7,1,3,7,7,2,129.3027,105,248,3,51.4679,21.8,61,48.08,7,80,3
1074,1,2,0,6,2,3,1,224.9248,9,2556835,2,24.9541,7.725,195.8,37.68,2,270,2
1086,1,0,0,7,0,1,1,140,0,6550444,0,0,0,0,0,0,140,3
1100,1,4,0,5,3,1,1,214.35,18,4477347,1,70.85,68.25,140,18.5,5,200,1
1112,1,3,0,5,7,7,2,79.295,4,5728208,1,30.175,9.5,35.12,47.5,4,95,2
1119,1,1,0,4,0,0,1,13.6377,1,1,0,3.6377,2.325,18.5,0,7,100,0
1152,1,6,7,5,1,1,2,364.575,19,284128,2,107.575,107.375,0,18.5,7,350,2
1165,1,5,0,6,4,4,1,74.7337,16,135215,1,36.9806,21.5,0,47.19,3,100,1
1183,1,6,2,7,7,7,2,340.8439,124,955130,5,119.6039,15.5,161.62,106,6,180,5
1189,1,6,4,6,3,0,0,8.6079,67,2389275,0,8.6079,0,0,0,5,0,0
1217,1,6,0,2,7,7,2,113.075,78,478,2,60.025,55.825,26,38.55,6,80,1
1234,1,2,1,6,3,5,1,95.924,5,2031999,1,16.444,7.825,70,24.48,7,100,1
1282,1,7,1,7,0,2,3,210.9414,75,6350177,3,118.4414,105.375,82,55.5,7,400,3
1289,1,5,0,6,6,4,1,114.7259,61,7592,1,49.3883,36.225,63,18.5,4,100,2
1290,1,6,0,7,6,3,2,203.2183,24,749401,1,107.1883,0,58.5,34.03,4,200,1
1292,1,7,1,7,1,5,2,309.3,96,6088343,1,36.68,36.68,269.12,18.5,7,300,1
1309,1,5,7,7,6,3,3,338.1583,13,5787311,0,191.0283,56.625,142.36,18.5,7,308,1
1312,1,3,0,7,3,2,1,31,6,2486754,0,16,2.95,15,0,1,30,0
1317,1,0,0,6,1,0,0,0.95,0,935078,0,0.95,0,0,0,5,0,0
1366,1,1,0,0,1,0,0,2.525,1,0,0,2.525,2.325,0,0,3,0,0
1370,1,0,0,7,0,1,1,140.7587,0,1863684,0,0.7587,0,0,0,5,140,0
1383,1,4,0,7,1,4,0,288.7206,35,85685,1,285.1006,280.375,0.12,0,6,0,0
1396,1,0,0,0,7,7,0,10.5,0,0,0,0,0,0,10.5,0,0,0
1397,1,0,0,2,0,1,1,140,0,5059820,0,0,0,0,0,0,140,1
1411,1,7,2,2,3,1,3,179.375,47,151202,1,100.875,93.875,75,37,7,200,2
1422,1,0,0,6,2,0,0,0.6,0,1670983,0,0.6,0,0,0,3,0,0
1423,1,7,0,7,1,6,1,186.85,38,4441338,0,116.85,79.15,0,0,7,70,0
1428,1,0,0,4,2,1,2,169.2985,0,824676,0,0.6516,0,0,18.5,1,270,2
1450,1,0,0,0,0,1,0,12.5523,0,0,0,0,0,15,0,0,0,0
1458,1,4,4,7,4,2,1,160.4019,16,1597428,1,26.6519,8.8,119.5,24.48,5,130,2
1460,1,1,0,7,7,7,1,194.4589,3,254695,1,160.7079,11.375,0,11.08,4,200,0
1464,1,4,0,0,0,0,0,0,12,0,0,0,0,0,0,4,0,0
1476,1,1,0,6,0,1,1,199.3777,5,3044467,1,55.8777,0.625,0,0,2,140,6
1503,1,7,0,0,7,7,1,83.825,106,0,2,46.325,43.925,20,29,7,40,1
1504,1,0,0,7,5,1,1,156.4765,0,3351758,1,12.9765,0,140,0,0,150,3
1568,1,3,5,0,6,6,0,45.775,7,0,1,33.275,11.675,0,9,7,0,1
1573,1,5,0,1,5,6,2,100.2931,26,197,2,71.5131,70.75,14.28,44.5,4,100,2
1601,1,0,0,7,0,2,2,151.6915,0,6053478,0,12.6915,0,0,0,3,278,0
1611,1,1,0,7,0,1,1,156.525,3,6446526,1,13.025,11.375,140,18.5,3,160,1
1623,1,0,0,6,2,1,1,28.7513,0,4168498,1,9.2513,0,16,18.5,5,30,7
1625,1,0,0,0,7,7,0,10.5,0,0,0,0,0,0,10.5,0,0,0
1647,1,7,5,6,5,4,3,168.9581,114,1609513,2,89.9623,69,49,64.02,7,250,3
1657,1,7,2,3,7,6,2,119.8259,105,196748,1,6.4659,2.325,1,37.36,7,120,1
1671,1,1,0,6,7,7,0,25.555,5,79,1,4.555,0.625,7,10.5,4,0,0
1673,1,5,6,5,7,7,1,36.1235,128,5091854,0,10.6235,8,15,10.5,6,30,0
1685,1,4,0,1,3,4,1,128.525,37,240081,1,49.025,47.825,76,18.5,7,100,5
1689,1,3,0,7,1,1,1,163.4444,19,1354752,2,56.4444,49.375,100,18.5,5,110,3
1691,1,6,0,7,1,0,1,39.825,13,906237,0,39.825,39.025,0,0,3,100,0
1698,1,3,4,5,0,1,1,176.6,8,1839373,0,36.6,18.6,140,0,4,200,0
1704,1,3,0,6,3,2,0,33.82,34,1544247,1,12.55,8.65,13,18.5,4,0,1
1708,1,0,0,0,0,0,0,0,0,0,0,0,0,0,0,0,0,0
1712,1,5,0,7,2,5,2,77.2728,63,1738705,1,18.7728,14.475,55,18.5,7,75,1
1717,1,1,0,7,0,2,1,160.825,11,4245399,1,4.325,3.575,153,18.5,7,160,1
1725,1,0,0,7,0,0,0,2.2523,0,1472846,0,2.2523,0,0,0,4,0,0
1743,1,0,0,7,1,0,1,60.05,0,3342232,1,56.55,0,0,0,2,30,0
1747,1,7,0,6,2,1,1,0,50,132360,0,0,0,0,0,7,46,0
1750,1,0,0,7,0,1,1,169,0,2063867,0,0,0,0,0,3,169,0
1791,1,6,0,1,3,3,2,91.475,23,115187,0,78.475,77.675,13,0,7,100,0
1799,1,6,4,2,5,6,2,106.0825,34,1666952,2,37.9625,34.175,61.12,37,3,110,4
1804,1,1,2,7,3,3,1,59.4255,10,647920,2,32.4255,2.75,20,18.5,7,30,1
1822,1,2,0,3,1,1,0,10.37,4,1449418,0,4.4,4.4,0,5.97,2,0,0
1829,1,3,1,7,3,1,1,145.145,5,165077,1,36.875,24.825,0,37,5,150,2
1842,1,1,0,4,0,0,0,0,3,344135,0,0,0,0,0,0,0,7
1848,1,4,0,7,5,2,2,354.975,5,4835921,0,74.975,35.125,280,0,1,200,0
1886,1,2,2,2,7,7,1,74.695,11,168557,1,15.925,2.575,37,50.5,2,50,2
1890,1,1,1,1,7,7,1,32.635,1,1,1,9.075,4.525,0,38.56,1,50,2
1892,1,2,0,0,7,7,0,33.975,19,0,1,6.975,6.775,13,10.5,1,0,4
1895,1,0,0,0,0,0,0,0,0,0,0,0,0,0,0,0,0,0
1930,1,1,7,7,0,2,1,17.5,1,4449588,1,3,3,11,0,6,139,0
1940,1,4,0,7,3,3,2,219.6281,18,845942,2,82.1281,12.625,126,41.5,5,250,2
1963,1,3,0,7,0,2,2,178.2127,8,680762,0,94.2127,18.6,84,18.5,4,200,1
1968,1,2,0,6,2,5,1,50.9303,12,147498,2,31.9324,25.5,6,21.79,7,30,1
1984,1,0,0,7,0,1,1,100,0,2934979,0,0,0,100,0,0,100,0
1985,1,0,0,6,0,0,0,0,0,2,0,0,0,0,0,1,0,0
1989,1,2,0,1,7,7,1,141.925,15,147094,1,109.925,105.075,18,10.5,2,100,0
1993,1,0,0,7,0,2,1,140.0575,0,2447337,0,0.0575,0,0,0,4,140,0
1995,1,6,0,6,2,3,2,158.525,44,2711499,0,20.525,20.125,138,0,4,150,0
1996,1,5,7,5,3,5,5,313.31,15,1100124,4,141.31,28.275,158,92.5,7,350,5
2000,1,0,0,1,0,0,0,4.05,0,121,0,4.05,0,0,0,3,0,0
2018,1,0,0,0,0,0,0,0,0,0,0,0,0,0,0,0,0,6
2020,1,5,2,7,5,3,3,89.4599,24,1549279,3,64.9599,5.2,14,55.5,6,90,6
2031,1,6,0,7,7,7,1,242.7255,17,4428242,1,68.7255,41.725,160,10.5,7,200,0
2033,1,4,7,5,0,4,6,377.0144,36,2804464,6,119.0144,96.9,138,92.5,7,339,5
2043,1,7,0,7,0,1,1,1033.03,133,875364,0,683.03,272.365,0,0,7,350,0
2050,1,5,7,7,1,0,0,2.2,16,2442438,0,2.2,2,0,0,5,0,0
2058,1,1,0,1,0,1,0,44.925,9,454908,0,17.925,17.925,27,0,1,0,0
2059,1,6,0,7,6,1,2,80.0518,22,1653679,0,45.0518,4.95,30,0,3,90,0
2068,1,6,6,7,3,6,3,159.825,17,524952,3,23.045,17.125,126.28,74,3,180,4
2074,1,6,1,2,0,1,1,160.125,76,3317090,0,0.125,0,160,0,7,200,0
2080,1,0,0,2,0,0,0,0,0,2382,0,0,0,0,0,0,0,0
2081,1,6,7,0,1,3,2,194.125,150,0,3,104.625,104.425,79,37,7,100,2
2089,1,0,0,5,0,0,0,2.4,0,3181767,0,2.4,0,0,0,0,0,0
2104,1,7,2,0,7,7,3,154.75,50,0,2,31.25,8.45,106,47.5,6,115,2
2108,1,3,2,3,4,4,3,193.6229,9,928082,3,70.6129,20.925,108.01,78.5,4,240,7
2110,1,1,1,7,6,4,2,203.415,3,1795098,3,21.375,6.375,162,74,2,180,10
2114,1,4,6,6,6,4,3,323.8786,14,144918,3,243.1386,17.025,70.24,37,4,300,2
2117,1,7,0,7,3,1,2,148.425,37,1047235,2,135.425,134.225,6,37,7,200,2
2131,1,0,0,6,0,3,1,140.01,0,2006918,0,0,0,0.01,0,2,140,0
2135,1,7,0,5,1,0,2,89.525,17,80,1,81.025,63.725,0,18.5,2,100,3
2137,1,7,1,7,4,3,1,189.375,35,4086343,0,27.375,24.175,162,0,4,200,0
2140,1,0,0,7,0,1,1,140,0,3590853,0,0,0,0,0,2,140,0
2169,1,3,0,2,7,7,1,62.505,37,205,1,11.925,4.625,33,32.58,5,30,1
2187,1,0,0,4,2,1,1,164.2386,0,949101,1,21.7386,0,0,0,0,139,1
2190,1,6,1,7,4,7,4,249.9248,70,2270102,5,97.2867,54.35,131.45,76.04,7,260,5
2193,1,0,0,7,0,1,1,140,0,1800444,0,0,0,0,0,1,140,0
2195,1,5,0,0,7,7,2,71.65,19,0,0,47.65,47.25,12,30.5,1,90,2
2213,1,0,0,5,0,1,1,185.9642,0,7522325,0,0.0019,0,0,0,0,250,0
